ts,open,high,low,close,volume,funding
2022-06-13,30.57,31.1,26.02,28.59,17810603.0,0.0001
2022-06-14,28.6,32.24,25.82,29.57,14035918.0,0.0001
2022-06-15,29.58,34.88,26.78,34.72,12831735.0,0.0001
2022-06-16,34.73,36.09,29.53,30.11,9928833.0,0.0001
2022-06-17,30.12,32.16,29.25,30.71,6018358.0,0.0001
2022-06-18,30.71,32.07,27.1,31.99,10308604.0,0.0001
2022-06-19,31.98,35.43,28.68,34.19,11217844.0,0.0001
2022-06-20,34.19,36.92,31.71,35.25,9351213.0,0.0001
2022-06-21,35.26,39.21,34.21,36.43,7818864.0,0.0001
2022-06-22,36.43,36.88,33.65,34.13,7635850.0,0.0001
2022-06-23,34.14,38.66,33.9,38.16,7537571.0,0.0001
2022-06-24,38.15,42.99,37.67,41.93,6541374.0,0.0001
2022-06-25,41.92,42.68,39.75,42.23,4719815.0,0.0001
2022-06-26,42.23,42.51,39.12,39.39,4601567.0,0.0001
2022-06-27,39.39,41.24,37.91,38.51,4628678.0,0.0001
2022-06-28,38.51,39.88,35.08,35.35,6401420.0,0.0001
2022-06-29,35.34,36.1,33.08,34.05,6351076.0,0.0001
2022-06-30,34.05,34.18,30.88,33.75,7614316.0,0.0001
2022-07-01,33.75,35.43,31.81,32.83,8063763.0,0.0001
2022-07-02,32.85,34.18,31.85,33.36,3627202.0,0.0001
2022-07-03,33.37,33.73,32.13,33.38,2722953.0,0.0001
2022-07-04,33.38,36.94,32.44,36.71,4220247.0,0.0001
2022-07-05,36.72,37.0,33.11,35.39,6361592.0,0.0001
2022-07-06,35.38,37.66,34.79,37.07,6159407.0,0.0001
2022-07-07,37.04,39.28,36.39,38.46,4353316.0,0.0001
2022-07-08,38.48,39.73,36.45,38.12,5548468.0,0.0001
2022-07-09,38.11,38.93,37.77,38.05,2436405.0,0.0001
2022-07-10,38.05,38.15,36.27,36.71,2620510.0,0.0001
2022-07-11,36.71,36.73,33.23,33.41,3621481.0,0.0001
2022-07-12,33.4,34.6,32.57,32.67,4209922.0,0.0001
2022-07-13,32.67,35.09,31.8,34.95,5958949.0,0.0001
2022-07-14,34.94,37.33,33.57,37.15,4117347.0,0.0001
2022-07-15,37.14,39.13,36.48,37.37,4380835.0,0.0001
2022-07-16,37.37,40.44,36.35,39.59,3945673.0,0.0001
2022-07-17,39.58,41.12,38.27,38.61,3954796.0,0.0001
2022-07-18,38.61,44.15,38.54,43.54,5653578.0,0.0001
2022-07-19,43.54,47.36,42.54,44.87,7610765.0,0.0001
2022-07-20,44.85,46.32,41.29,42.04,5281837.0,0.0001
2022-07-21,42.04,44.08,39.64,43.12,5776342.0,0.0001
2022-07-22,43.12,44.34,40.02,40.52,3653984.0,0.0001
2022-07-23,40.52,41.93,38.62,39.98,3046658.0,0.0001
2022-07-24,39.97,42.12,39.47,40.94,2777999.0,0.0001
2022-07-25,40.92,41.11,36.54,36.65,4288001.0,0.0001
2022-07-26,36.65,36.83,34.66,36.24,3843755.0,0.0001
2022-07-27,36.25,40.59,35.66,40.24,4993900.0,0.0001
2022-07-28,40.23,44.19,39.05,42.93,5907825.0,0.0001
2022-07-29,42.94,44.5,41.15,41.94,5079222.0,0.0001
2022-07-30,41.91,46.68,41.4,43.86,5537882.0,0.0001
2022-07-31,43.86,45.23,42.22,42.35,3196110.0,0.0001
2022-08-01,42.34,43.27,40.56,41.65,3027778.0,0.0001
2022-08-02,41.65,42.45,39.45,39.77,3683541.0,0.0001
2022-08-03,39.76,41.04,37.41,38.56,7938574.0,0.0001
2022-08-04,38.56,39.85,37.94,38.83,3919756.0,0.0001
2022-08-05,38.83,41.34,38.69,40.58,3540889.0,0.0001
2022-08-06,40.58,40.92,39.84,40.06,1668430.0,0.0001
2022-08-07,40.04,41.58,39.19,40.61,1705048.0,0.0001
2022-08-08,40.61,43.75,40.55,42.19,3602359.0,0.0001
2022-08-09,42.18,42.77,39.7,40.34,2657232.0,0.0001
2022-08-10,40.33,42.91,39.13,42.48,4414670.0,0.0001
2022-08-11,42.48,45.34,42.35,42.77,5048353.0,0.0001
2022-08-12,42.77,45.53,42.12,45.5,3289386.0,0.0001
2022-08-13,45.5,48.38,45.28,46.6,5205994.0,0.0001
2022-08-14,46.61,48.07,44.45,44.87,3318010.0,0.0001
2022-08-15,44.88,47.27,42.72,43.71,3923989.0,0.0001
2022-08-16,43.71,44.34,42.53,43.1,3086553.0,0.0001
2022-08-17,43.1,44.75,40.12,40.53,4411989.0,0.0001
2022-08-18,40.54,41.66,39.28,39.52,3219698.0,0.0001
2022-08-19,39.5,39.58,34.99,35.8,8338899.0,0.0001
2022-08-20,35.81,37.27,34.16,35.27,4420510.0,0.0001
2022-08-21,35.27,37.05,34.47,36.47,3777548.0,0.0001
2022-08-22,36.46,36.55,33.73,35.41,3910526.0,0.0001
2022-08-23,35.41,36.12,34.24,35.68,2597953.0,0.0001
2022-08-24,35.69,36.44,34.28,34.88,3088609.0,0.0001
2022-08-25,34.87,36.5,34.86,35.26,2592450.0,0.0001
2022-08-26,35.25,35.8,31.32,31.7,5523157.0,0.0001
2022-08-27,31.69,32.24,30.85,31.52,3073670.0,0.0001
2022-08-28,31.53,32.2,30.17,30.43,2286313.0,0.0001
2022-08-29,30.41,32.65,29.94,32.43,3721997.0,0.0001
2022-08-30,32.42,33.16,30.61,31.49,3022905.0,0.0001
2022-08-31,31.49,32.97,31.17,31.5,2559979.0,0.0001
2022-09-01,31.48,31.79,30.43,31.62,2219735.0,0.0001
2022-09-02,31.61,32.39,30.75,31.24,2007212.0,0.0001
2022-09-03,31.23,31.27,30.79,31.13,775497.0,0.0001
2022-09-04,31.12,32.18,31.0,32.17,1346690.0,0.0001
2022-09-05,32.17,32.52,31.14,32.18,1585814.0,0.0001
2022-09-06,32.18,33.9,30.42,30.89,3997338.0,0.0001
2022-09-07,30.89,32.96,30.3,32.71,2323850.0,0.0001
2022-09-08,32.72,34.0,32.0,33.63,2693529.0,0.0001
2022-09-09,33.62,36.0,33.59,34.68,3860427.0,0.0001
2022-09-10,34.69,35.42,34.27,35.04,1660444.0,0.0001
2022-09-11,35.05,36.05,34.04,34.98,1957388.0,0.0001
2022-09-12,34.99,38.42,34.37,37.45,5191563.0,0.0001
2022-09-13,37.45,38.96,32.89,32.97,5950539.0,0.0001
2022-09-14,32.98,34.37,32.65,34.13,2378045.0,0.0001
2022-09-15,34.12,34.86,32.38,33.08,2923347.0,0.0001
2022-09-16,33.1,33.26,31.49,32.27,1947292.0,0.0001
2022-09-17,32.26,33.92,32.23,33.7,1094945.0,0.0001
2022-09-18,33.7,34.0,30.83,31.09,2121019.0,0.0001
2022-09-19,31.09,33.1,30.47,32.64,2597086.0,0.0001
2022-09-20,32.63,32.88,31.28,31.42,1978939.0,0.0001
2022-09-21,31.43,33.49,30.0,30.62,5087288.0,0.0001
2022-09-22,30.63,32.88,30.58,32.42,2130016.0,0.0001
2022-09-23,32.43,33.98,31.21,33.68,2666945.0,0.0001
2022-09-24,33.68,34.79,33.14,33.39,2874631.0,0.0001
2022-09-25,33.39,34.06,31.85,32.33,1852320.0,0.0001
2022-09-26,32.31,33.95,31.86,33.88,2442097.0,0.0001
2022-09-27,33.88,35.43,32.07,32.68,3596852.0,0.0001
2022-09-28,32.68,33.82,31.63,33.23,2599532.0,0.0001
2022-09-29,33.24,34.43,32.63,33.93,2577260.0,0.0001
2022-09-30,33.94,35.22,32.61,33.23,3254125.0,0.0001
2022-10-01,33.25,33.25,32.31,32.45,1561801.0,0.0001
2022-10-02,32.44,33.01,31.87,32.06,1277661.0,0.0001
2022-10-03,32.06,33.29,31.72,32.9,1583110.0,0.0001
2022-10-04,32.91,34.4,32.83,34.1,1753606.0,0.0001
2022-10-05,34.1,34.39,33.18,34.04,1410583.0,0.0001
2022-10-06,34.05,34.5,33.21,33.36,1402338.0,0.0001
2022-10-07,33.35,33.77,32.42,32.99,1733154.0,0.0001
2022-10-08,32.98,33.08,32.34,32.57,611965.0,0.0001
2022-10-09,32.58,33.13,32.45,32.92,672331.0,0.0001
2022-10-10,32.92,33.47,31.86,31.96,1389338.0,0.0001
2022-10-11,31.95,31.95,30.41,30.8,1417300.0,0.0001
2022-10-12,30.79,31.54,30.67,31.16,888233.0,0.0001
2022-10-13,31.15,31.2,27.81,30.48,4381511.0,0.0001
2022-10-14,30.48,31.98,29.62,29.98,2070584.0,0.0001
2022-10-15,29.99,30.21,29.42,29.58,1005777.0,0.0001
2022-10-16,29.59,30.54,29.55,30.16,795883.0,0.0001
2022-10-17,30.17,31.29,29.83,31.21,1454956.0,0.0001
2022-10-18,31.22,31.49,29.72,30.13,2002361.0,0.0001
2022-10-19,30.13,30.27,28.6,28.85,1697099.0,0.0001
2022-10-20,28.86,29.47,27.97,28.01,2377673.0,0.0001
2022-10-21,28.02,28.28,26.83,28.09,3967120.0,0.0001
2022-10-22,28.11,28.24,27.48,28.0,1574712.0,0.0001
2022-10-23,28.01,29.44,27.72,29.28,2717858.0,0.0001
2022-10-24,29.28,29.51,28.16,28.31,2590596.0,0.0001
2022-10-25,28.31,32.33,28.05,30.88,5957326.0,0.0001
2022-10-26,30.87,32.23,30.63,31.29,4493776.0,0.0001
2022-10-27,31.3,32.37,30.43,30.58,4322376.0,0.0001
2022-10-28,30.58,32.58,30.11,32.06,3768954.0,0.0001
2022-10-29,32.06,33.86,31.86,32.88,3989392.0,0.0001
2022-10-30,32.88,33.56,31.92,32.95,1981366.0,0.0001
2022-10-31,32.94,34.39,32.2,32.57,3582235.0,0.0001
2022-11-01,32.57,33.39,32.15,32.21,1758314.0,0.0001
2022-11-02,32.22,32.95,30.23,30.79,3728577.0,0.0001
2022-11-03,30.8,32.25,30.6,30.83,3030130.0,0.0001
2022-11-04,30.85,34.23,30.65,33.74,4437988.0,0.0001
2022-11-05,33.75,38.81,33.66,36.89,7694344.0,0.0001
2022-11-06,36.9,37.06,32.28,32.61,4979195.0,0.0001
2022-11-07,32.61,33.12,28.02,29.59,10628782.0,0.0001
2022-11-08,29.59,31.82,19.12,23.85,46416000.0,0.0001
2022-11-09,23.86,23.93,9.53,12.69,96498273.0,0.0001
2022-11-10,12.69,19.66,11.11,18.03,61767631.0,0.0001
2022-11-11,18.04,18.33,14.04,16.55,24776511.0,0.0001
2022-11-12,16.54,16.58,14.44,14.56,10148839.0,0.0001
2022-11-13,14.56,14.72,12.91,13.08,11411421.0,0.0001
2022-11-14,13.08,15.27,11.85,13.97,17339977.0,0.0001
2022-11-15,13.97,15.14,13.81,14.29,9242363.0,0.0001
2022-11-16,14.29,14.58,13.61,14.25,5621054.0,0.0001
2022-11-17,14.25,14.48,12.68,13.63,13513284.0,0.0001
2022-11-18,13.63,13.85,12.97,13.26,6544051.0,0.0001
2022-11-19,13.26,13.26,12.56,12.83,4978004.0,0.0001
2022-11-20,12.83,13.58,12.08,12.25,8161458.0,0.0001
2022-11-21,12.25,12.28,11.25,11.83,12109058.0,0.0001
2022-11-22,11.82,12.51,10.9,12.44,10199126.0,0.0001
2022-11-23,12.44,14.75,12.39,14.35,15083153.0,0.0001
2022-11-24,14.34,14.95,13.82,14.61,11898260.0,0.0001
2022-11-25,14.61,14.62,13.89,14.02,6684994.0,0.0001
2022-11-26,14.02,14.96,13.91,14.13,5694133.0,0.0001
2022-11-27,14.13,14.44,14.03,14.09,3810622.0,0.0001
2022-11-28,14.09,14.15,12.76,13.34,10296995.0,0.0001
2022-11-29,13.34,13.96,13.12,13.34,4289700.0,0.0001
2022-11-30,13.34,14.31,13.17,14.17,6185580.0,0.0001
2022-12-01,14.17,14.19,13.37,13.48,3991344.0,0.0001
2022-12-02,13.48,13.84,13.28,13.71,4053057.0,0.0001
2022-12-03,13.71,13.77,13.2,13.3,2364924.0,0.0001
2022-12-04,13.3,13.75,13.27,13.71,1809007.0,0.0001
2022-12-05,13.71,14.17,13.55,13.81,4340517.0,0.0001
2022-12-06,13.81,14.38,13.81,14.28,3807089.0,0.0001
2022-12-07,14.28,14.34,13.38,13.49,3180081.0,0.0001
2022-12-08,13.49,13.77,13.26,13.68,2391447.0,0.0001
2022-12-09,13.67,14.02,13.5,13.58,3176381.0,0.0001
2022-12-10,13.58,13.72,13.54,13.57,1034186.0,0.0001
2022-12-11,13.57,13.79,13.37,13.41,1212115.0,0.0001
2022-12-12,13.41,13.49,12.78,13.31,2859546.0,0.0001
2022-12-13,13.31,14.14,12.75,13.89,3852497.0,0.0001
2022-12-14,13.89,14.95,13.8,14.12,5650309.0,0.0001
2022-12-15,14.12,14.51,13.8,14.04,3920747.0,0.0001
2022-12-16,14.04,14.17,11.97,12.23,7059368.0,0.0001
2022-12-17,12.24,12.55,11.89,12.49,3761612.0,0.0001
2022-12-18,12.49,12.6,12.25,12.36,530240.0,0.0001
2022-12-19,12.37,12.57,11.65,11.93,3288440.0,0.0001
2022-12-20,11.93,12.49,11.82,12.25,2928614.0,0.0001
2022-12-21,12.25,12.28,11.87,12.13,2214847.0,0.0001
2022-12-22,12.13,12.18,11.67,11.81,2490397.0,0.0001
2022-12-23,11.81,12.1,11.71,11.78,2718108.0,0.0001
2022-12-24,11.78,11.78,11.03,11.44,4920929.0,0.0001
2022-12-25,11.44,11.54,11.23,11.37,2399219.0,0.0001
2022-12-26,11.37,11.49,11.06,11.33,2397297.0,0.0001
2022-12-27,11.329,11.449,10.68,11.096,6044670.0,0.0001
2022-12-28,11.096,11.136,9.371,9.756,14688515.0,0.0001
2022-12-29,9.755,10.84,7.788,9.605,31144434.0,0.0001
2022-12-30,9.612,10.28,8.972,9.884,37680693.0,0.0001
2022-12-31,9.887,10.246,9.653,9.971,12627199.0,0.0001
2023-01-01,9.97,10.089,9.692,9.983,8720655.0,0.0001
2023-01-02,9.982,12.142,9.803,11.262,19439819.0,0.0001
2023-01-03,11.262,13.86,10.992,13.377,42295743.0,0.0001
2023-01-04,13.377,14.192,12.794,13.4,43744426.0,0.0001
2023-01-05,13.397,13.813,12.925,13.427,20489417.0,0.0001
2023-01-06,13.426,13.611,12.631,13.51,20809889.0,0.0001
2023-01-07,13.506,13.511,13.011,13.095,7362016.0,0.0001
2023-01-08,13.093,14.988,12.841,14.468,20747813.0,0.0001
2023-01-09,14.461,17.493,14.283,16.276,41620153.0,0.0001
2023-01-10,16.275,16.752,15.532,16.2,20530103.0,0.0001
2023-01-11,16.197,16.616,15.27,16.364,15173211.0,0.0001
2023-01-12,16.369,17.043,15.49,16.599,18317376.0,0.0001
2023-01-13,16.599,18.659,16.289,18.307,17943860.0,0.0001
2023-01-14,18.311,24.88,18.21,24.288,56765281.0,0.0001
2023-01-15,24.281,25.16,21.98,22.886,25774229.0,0.0001
2023-01-16,22.886,25.0,22.2,23.61,20290363.0,0.0001
2023-01-17,23.61,24.0,22.656,22.833,12125353.0,0.0001
2023-01-18,22.833,23.668,20.336,20.817,22582351.0,0.0001
2023-01-19,20.817,21.861,20.436,21.395,10411577.0,0.0001
2023-01-20,21.391,25.921,20.944,25.523,14844992.0,0.0001
2023-01-21,25.525,26.649,24.223,24.549,17310871.0,0.0001
2023-01-22,24.548,25.481,23.485,24.205,10219430.0,0.0001
2023-01-23,24.204,24.923,23.68,24.331,9112531.0,0.0001
2023-01-24,24.329,25.29,22.221,22.78,9210814.0,0.0001
2023-01-25,22.78,25.451,22.183,24.5,13566067.0,0.0001
2023-01-26,24.514,25.274,23.638,24.363,8863071.0,0.0001
2023-01-27,24.363,24.981,23.249,24.428,6329067.0,0.0001
2023-01-28,24.428,25.292,23.698,24.013,5008463.0,0.0001
2023-01-29,24.006,26.888,23.717,26.09,8709018.0,0.0001
2023-01-30,26.095,26.319,22.978,23.967,11645248.0,0.0001
2023-01-31,23.966,24.498,23.482,23.923,4866348.0,0.0001
2023-02-01,23.923,25.235,22.456,25.009,7811760.0,0.0001
2023-02-02,25.007,26.186,24.03,24.324,7082240.0,0.0001
2023-02-03,24.323,25.095,24.0,24.676,4597149.0,0.0001
2023-02-04,24.687,24.945,24.158,24.334,2146970.0,0.0001
2023-02-05,24.331,24.464,22.995,23.477,4213272.0,0.0001
2023-02-06,23.476,23.728,22.49,22.653,4335919.0,0.0001
2023-02-07,22.65,23.953,22.534,23.818,4123054.0,0.0001
2023-02-08,23.822,24.247,22.778,23.218,3936854.0,0.0001
2023-02-09,23.217,23.355,19.98,20.49,7616286.0,0.0001
2023-02-10,20.493,21.176,19.667,20.101,6088302.0,0.0001
2023-02-11,20.098,20.906,20.092,20.797,2220825.0,0.0001
2023-02-12,20.799,22.545,20.618,21.51,4691273.0,0.0001
2023-02-13,21.497,21.613,19.734,20.763,6832945.0,0.0001
2023-02-14,20.763,22.39,20.67,21.843,6938152.0,0.0001
2023-02-15,21.844,24.0,21.45,23.877,4973636.0,0.0001
2023-02-16,23.878,24.163,22.195,22.252,4919907.0,0.0001
2023-02-17,22.249,23.56,22.0,23.151,3419534.0,0.0001
2023-02-18,23.153,23.946,22.926,23.456,2346792.0,0.0001
2023-02-19,23.455,25.687,23.202,24.828,7118054.0,0.0001
2023-02-20,24.83,27.125,24.1,26.277,11952844.0,0.0001
2023-02-21,26.274,26.636,24.459,24.98,7476618.0,0.0001
2023-02-22,24.979,25.25,23.196,24.147,8144395.0,0.0001
2023-02-23,24.158,24.695,23.592,23.926,5606502.0,0.0001
2023-02-24,23.928,24.127,22.449,23.078,5482347.0,0.0001
2023-02-25,23.069,23.34,21.41,22.37,5046304.0,0.0001
2023-02-26,22.366,23.549,22.216,23.258,2827640.0,0.0001
2023-02-27,23.252,23.411,22.316,22.672,3564255.0,0.0001
2023-02-28,22.676,22.752,21.745,21.894,2687582.0,0.0001
2023-03-01,21.895,22.92,21.653,22.515,2396700.0,0.0001
2023-03-02,22.515,22.66,21.657,21.995,2366915.0,0.0001
2023-03-03,21.994,22.009,20.301,21.42,3559577.0,0.0001
2023-03-04,21.419,21.627,20.2,20.988,1749184.0,0.0001
2023-03-05,20.992,21.719,20.835,20.968,2904819.0,0.0001
2023-03-06,20.967,21.177,20.456,20.625,2684904.0,0.0001
2023-03-07,20.623,20.964,19.692,20.247,3396867.0,0.0001
2023-03-08,20.25,20.395,18.101,18.426,6229154.0,0.0001
2023-03-09,18.422,18.779,16.669,17.326,9082834.0,0.0001
2023-03-10,17.324,18.354,15.993,18.169,13189441.0,0.0001
2023-03-11,18.172,18.885,16.963,18.12,9168678.0,0.0001
2023-03-12,18.117,20.614,17.772,20.237,6942229.0,0.0001
2023-03-13,20.233,21.427,18.877,20.396,8857201.0,0.0001
2023-03-14,20.395,22.139,19.765,20.861,8876728.0,0.0001
2023-03-15,20.86,21.47,18.693,19.247,7047885.0,0.0001
2023-03-16,19.246,19.929,18.889,19.682,4000998.0,0.0001
2023-03-17,19.68,21.709,19.414,21.602,3832173.0,0.0001
2023-03-18,21.61,22.981,21.061,21.213,5677408.0,0.0001
2023-03-19,21.21,22.445,21.203,21.863,3003065.0,0.0001
2023-03-20,21.867,23.92,21.361,22.145,8803996.0,0.0001
2023-03-21,22.14,23.362,21.531,22.536,5494434.0,0.0001
2023-03-22,22.532,23.1,20.932,21.414,6110594.0,0.0001
2023-03-23,21.413,22.756,21.091,22.177,3513199.0,0.0001
2023-03-24,22.176,22.269,20.276,20.66,3596182.0,0.0001
2023-03-25,20.661,20.975,20.08,20.408,1862140.0,0.0001
2023-03-26,20.408,21.14,20.286,20.95,1423295.0,0.0001
2023-03-27,20.945,20.989,19.323,19.896,2696009.0,0.0001
2023-03-28,19.895,20.886,19.606,20.443,2621026.0,0.0001
2023-03-29,20.45,21.564,20.428,21.098,2173289.0,0.0001
2023-03-30,21.097,21.684,20.145,20.549,3345150.0,0.0001
2023-03-31,20.553,21.5,20.026,21.176,2184676.0,0.0001
2023-04-01,21.171,21.353,20.747,21.083,1433864.0,0.0001
2023-04-02,21.084,21.315,20.208,20.519,1591535.0,0.0001
2023-04-03,20.523,21.0,19.972,20.459,3500828.0,0.0001
2023-04-04,20.461,21.261,20.289,20.915,2130094.0,0.0001
2023-04-05,20.917,21.353,20.518,20.968,2047979.0,0.0001
2023-04-06,20.966,20.992,20.409,20.623,1473846.0,0.0001
2023-04-07,20.62,20.783,20.218,20.459,1026881.0,0.0001
2023-04-08,20.459,20.733,19.847,20.036,929004.0,0.0001
2023-04-09,20.038,20.454,19.853,20.29,1121072.0,0.0001
2023-04-10,20.288,20.96,20.075,20.901,1121443.0,0.0001
2023-04-11,20.903,23.699,20.826,22.999,10509065.0,0.0001
2023-04-12,22.993,24.486,22.315,23.812,14163634.0,0.0001
2023-04-13,23.812,25.298,23.636,24.429,7171096.0,0.0001
2023-04-14,24.425,25.513,23.723,24.715,7757044.0,0.0001
2023-04-15,24.711,24.809,23.801,24.053,2462779.0,0.0001
2023-04-16,24.055,25.535,23.817,25.368,3740141.0,0.0001
2023-04-17,25.361,26.021,24.269,24.586,7549468.0,0.0001
2023-04-18,24.587,25.441,23.982,24.827,3619826.0,0.0001
2023-04-19,24.833,24.985,21.777,22.676,7381978.0,0.0001
2023-04-20,22.676,23.179,21.582,22.197,5631539.0,0.0001
2023-04-21,22.193,22.414,20.876,21.256,4125899.0,0.0001
2023-04-22,21.253,21.994,21.055,21.795,1760715.0,0.0001
2023-04-23,21.797,22.253,20.931,21.474,3057884.0,0.0001
2023-04-24,21.476,22.022,20.992,21.382,3281089.0,0.0001
2023-04-25,21.385,21.974,20.735,21.93,3082670.0,0.0001
2023-04-26,21.93,22.977,20.311,21.268,7470011.0,0.0001
2023-04-27,21.268,22.532,21.175,22.328,4407620.0,0.0001
2023-04-28,22.332,23.523,22.171,23.343,4317255.0,0.0001
2023-04-29,23.343,23.922,22.86,23.183,3780716.0,0.0001
2023-04-30,23.184,24.013,22.686,22.745,3751315.0,0.0001
2023-05-01,22.744,22.901,21.542,21.954,4454015.0,0.0001
2023-05-02,21.952,22.391,21.74,22.253,2083481.0,0.0001
2023-05-03,22.252,22.3,21.233,22.236,3855246.0,0.0001
2023-05-04,22.239,22.475,21.615,21.735,2508479.0,0.0001
2023-05-05,21.738,23.094,21.513,22.817,3926386.0,0.0001
2023-05-06,22.819,23.244,21.548,21.92,4145452.0,0.0001
2023-05-07,21.92,22.798,21.65,21.662,3091590.0,0.0001
2023-05-08,21.659,21.826,19.925,20.623,6750171.0,0.0001
2023-05-09,20.625,20.992,20.408,20.661,2741279.0,0.0001
2023-05-10,20.661,21.311,19.748,20.926,5845052.0,0.0001
2023-05-11,20.926,20.941,19.637,20.174,4040295.0,0.0001
2023-05-12,20.177,20.942,19.794,20.914,4039473.0,0.0001
2023-05-13,20.904,21.296,20.774,20.841,2311115.0,0.0001
2023-05-14,20.841,21.285,20.625,20.926,1849919.0,0.0001
2023-05-15,20.926,21.53,20.585,20.986,2905929.0,0.0001
2023-05-16,20.985,21.132,20.443,20.678,2622652.0,0.0001
2023-05-17,20.678,21.21,20.418,21.052,3166317.0,0.0001
2023-05-18,21.053,21.093,20.046,20.338,3051113.0,0.0001
2023-05-19,20.339,20.59,20.217,20.349,1261356.0,0.0001
2023-05-20,20.349,20.367,20.09,20.274,984504.0,0.0001
2023-05-21,20.275,20.391,19.333,19.61,2114478.0,0.0001
2023-05-22,19.61,20.035,19.272,19.516,2777827.0,0.0001
2023-05-23,19.516,20.17,19.406,20.026,2951064.0,0.0001
2023-05-24,20.027,20.072,18.632,19.205,4470524.0,0.0001
2023-05-25,19.205,19.618,18.763,19.253,2525261.0,0.0001
2023-05-26,19.253,19.564,19.085,19.353,1577358.0,0.0001
2023-05-27,19.352,20.55,19.323,20.42,2179303.0,0.0001
2023-05-28,20.42,21.203,20.28,20.805,3982053.0,0.0001
2023-05-29,20.804,20.984,20.259,20.583,2846755.0,0.0001
2023-05-30,20.584,21.405,20.462,21.255,4614652.0,0.0001
2023-05-31,21.255,21.337,20.352,20.813,2925797.0,0.0001
2023-06-01,20.813,20.979,20.401,20.489,2888040.0,0.0001
2023-06-02,20.489,21.382,20.284,21.254,2493217.0,0.0001
2023-06-03,21.254,21.346,20.951,21.184,1549527.0,0.0001
2023-06-04,21.186,22.299,21.033,21.821,3846782.0,0.0001
2023-06-05,21.819,22.052,19.145,20.007,8966740.0,0.0001
2023-06-06,20.008,20.706,19.231,20.387,6102276.0,0.0001
2023-06-07,20.389,20.53,18.508,18.634,5848619.0,0.0001
2023-06-08,18.635,19.115,18.229,18.879,4307385.0,0.0001
2023-06-09,18.88,19.379,17.108,17.395,10178150.0,0.0001
2023-06-10,17.396,17.426,12.606,15.615,40045484.0,0.0001
2023-06-11,15.616,16.2,15.109,15.541,14259910.0,0.0001
2023-06-12,15.542,15.709,14.73,15.19,11733491.0,0.0001
2023-06-13,15.193,16.014,14.763,15.037,11037916.0,0.0001
2023-06-14,15.033,15.375,14.053,14.483,8613131.0,0.0001
2023-06-15,14.482,15.084,14.171,14.769,9180294.0,0.0001
2023-06-16,14.77,15.471,14.352,15.317,6350763.0,0.0001
2023-06-17,15.317,16.129,15.16,15.642,5474425.0,0.0001
2023-06-18,15.643,15.837,15.267,15.444,3592986.0,0.0001
2023-06-19,15.441,16.148,15.325,16.102,4296629.0,0.0001
2023-06-20,16.102,16.692,15.728,16.642,7334958.0,0.0001
2023-06-21,16.641,17.406,16.54,17.233,7009900.0,0.0001
2023-06-22,17.232,17.751,16.574,16.634,6303873.0,0.0001
2023-06-23,16.632,17.537,16.141,17.137,7620999.0,0.0001
2023-06-24,17.136,17.539,16.357,16.638,4830598.0,0.0001
2023-06-25,16.64,17.391,16.565,16.957,5128505.0,0.0001
2023-06-26,16.957,17.124,15.901,16.269,6425403.0,0.0001
2023-06-27,16.272,16.95,16.135,16.627,4242123.0,0.0001
2023-06-28,16.63,16.753,15.487,15.976,7986296.0,0.0001
2023-06-29,15.975,18.289,15.863,17.996,13746358.0,0.0001
2023-06-30,17.997,20.032,16.864,18.86,22836246.0,0.0001
2023-07-01,18.86,19.012,17.904,18.695,7270955.0,0.0001
2023-07-02,18.695,19.755,18.442,19.457,11224931.0,0.0001
2023-07-03,19.457,19.661,18.86,19.263,6040841.0,0.0001
2023-07-04,19.263,19.951,19.059,19.137,6170340.0,0.0001
2023-07-05,19.137,19.38,18.26,18.99,5090406.0,0.0001
2023-07-06,18.993,20.99,18.816,19.609,15978261.0,0.0001
2023-07-07,19.604,21.94,19.26,21.497,22389446.0,0.0001
2023-07-08,21.499,22.485,21.32,21.809,18144765.0,0.0001
2023-07-09,21.81,22.4,21.0,21.326,10619987.0,0.0001
2023-07-10,21.326,21.794,20.463,21.292,12581085.0,0.0001
2023-07-11,21.293,22.39,21.188,22.067,10997969.0,0.0001
2023-07-12,22.062,22.946,21.756,21.948,11585279.0,0.0001
2023-07-13,21.947,26.891,21.416,26.024,26271165.0,0.0001
2023-07-14,26.019,33.0,25.217,26.664,30815367.0,0.0001
2023-07-15,26.665,29.1,26.442,27.458,19229691.0,0.0001
2023-07-16,27.46,28.679,26.4,27.412,12389577.0,0.0001
2023-07-17,27.411,28.489,25.58,26.794,15730299.0,0.0001
2023-07-18,26.794,27.102,24.741,25.555,12259215.0,0.0001
2023-07-19,25.555,26.995,25.35,26.304,10157998.0,0.0001
2023-07-20,26.307,27.38,25.023,25.38,9845692.0,0.0001
2023-07-21,25.378,26.0,25.043,25.503,6013275.0,0.0001
2023-07-22,25.503,25.98,23.979,24.526,5796909.0,0.0001
2023-07-23,24.521,25.256,24.146,24.755,4728921.0,0.0001
2023-07-24,24.756,24.838,22.852,23.365,8953244.0,0.0001
2023-07-25,23.365,23.589,22.72,23.274,5790530.0,0.0001
2023-07-26,23.277,25.693,23.174,25.172,13268491.0,0.0001
2023-07-27,25.173,25.665,24.662,25.095,9068045.0,0.0001
2023-07-28,25.095,25.569,24.52,24.811,6135141.0,0.0001
2023-07-29,24.815,25.392,24.748,25.169,3695720.0,0.0001
2023-07-30,25.169,25.217,23.5,24.252,5818087.0,0.0001
2023-07-31,24.251,24.774,23.497,23.731,5617931.0,0.0001
2023-08-01,23.731,24.077,22.782,24.058,8135932.0,0.0001
2023-08-02,24.059,24.285,22.802,23.149,7314252.0,0.0001
2023-08-03,23.15,23.396,22.447,22.641,6708604.0,0.0001
2023-08-04,22.642,23.556,22.458,22.808,7289661.0,0.0001
2023-08-05,22.808,22.94,22.215,22.658,4279081.0,0.0001
2023-08-06,22.658,23.477,22.581,23.193,5161548.0,0.0001
2023-08-07,23.193,23.676,22.306,23.117,6368809.0,0.0001
2023-08-08,23.116,24.797,23.021,24.216,7921356.0,0.0001
2023-08-09,24.216,25.0,24.104,24.391,7015573.0,0.0001
2023-08-10,24.39,24.892,24.136,24.626,5632946.0,0.0001
2023-08-11,24.628,24.935,24.353,24.623,5186478.0,0.0001
2023-08-12,24.624,25.32,24.394,24.913,3797730.0,0.0001
2023-08-13,24.914,24.959,24.222,24.227,4598856.0,0.0001
2023-08-14,24.229,25.314,24.054,25.185,6974518.0,0.0001
2023-08-15,25.186,25.5,23.671,23.905,9667600.0,0.0001
2023-08-16,23.904,24.026,22.333,22.823,9922755.0,0.0001
2023-08-17,22.824,23.437,19.609,21.666,15076493.0,0.0001
2023-08-18,21.661,22.2,20.897,21.342,8883713.0,0.0001
2023-08-19,21.345,22.178,21.285,21.893,4342267.0,0.0001
2023-08-20,21.893,22.03,21.561,21.771,3288599.0,0.0001
2023-08-21,21.773,21.779,20.27,21.196,9135594.0,0.0001
2023-08-22,21.192,21.276,19.124,20.584,9262533.0,0.0001
2023-08-23,20.582,21.819,20.303,21.721,9240944.0,0.0001
2023-08-24,21.722,22.0,20.659,21.052,7888002.0,0.0001
2023-08-25,21.052,21.056,20.088,20.414,6825272.0,0.0001
2023-08-26,20.415,20.45,20.179,20.283,2442896.0,0.0001
2023-08-27,20.283,20.918,20.244,20.792,3498809.0,0.0001
2023-08-28,20.792,20.792,20.018,20.553,4903827.0,0.0001
2023-08-29,20.554,22.054,20.111,21.78,10739436.0,0.0001
2023-08-30,21.783,22.016,20.591,20.817,5750621.0,0.0001
2023-08-31,20.817,21.089,19.379,19.733,8045090.0,0.0001
2023-09-01,19.733,19.931,19.017,19.325,6565208.0,0.0001
2023-09-02,19.325,19.705,19.1,19.491,4739208.0,0.0001
2023-09-03,19.492,19.658,19.224,19.563,3229275.0,0.0001
2023-09-04,19.566,20.047,19.151,19.525,5628141.0,0.0001
2023-09-05,19.526,20.596,19.035,20.266,10419998.0,0.0001
2023-09-06,20.267,20.392,19.132,19.626,9068246.0,0.0001
2023-09-07,19.625,19.995,19.331,19.909,5830594.0,0.0001
2023-09-08,19.907,20.312,19.352,19.606,5994935.0,0.0001
2023-09-09,19.605,19.609,19.365,19.441,2149965.0,0.0001
2023-09-10,19.442,19.442,17.745,18.227,17097160.0,0.0001
2023-09-11,18.227,18.484,17.342,17.727,19038600.0,0.0001
2023-09-12,17.724,18.85,17.562,17.913,18546156.0,0.0001
2023-09-13,17.91,19.02,17.689,18.399,14285235.0,0.0001
2023-09-14,18.396,19.33,18.38,18.84,14168110.0,0.0001
2023-09-15,18.842,19.522,18.551,19.149,7543743.0,0.0001
2023-09-16,19.149,19.469,18.851,19.121,5208344.0,0.0001
2023-09-17,19.121,19.134,18.617,18.807,4285683.0,0.0001
2023-09-18,18.81,20.158,18.58,19.64,11113511.0,0.0001
2023-09-19,19.638,20.412,19.567,20.021,8106651.0,0.0001
2023-09-20,20.022,20.545,19.787,20.289,8470112.0,0.0001
2023-09-21,20.29,20.3,19.284,19.449,7438282.0,0.0001
2023-09-22,19.448,19.8,19.139,19.429,5114046.0,0.0001
2023-09-23,19.429,19.58,19.284,19.481,2998307.0,0.0001
2023-09-24,19.479,19.678,19.176,19.363,4359642.0,0.0001
2023-09-25,19.36,19.738,19.07,19.39,5587219.0,0.0001
2023-09-26,19.389,19.523,18.834,19.029,5121630.0,0.0001
2023-09-27,19.028,19.476,18.717,19.132,6927178.0,0.0001
2023-09-28,19.13,19.991,19.094,19.954,6191599.0,0.0001
2023-09-29,19.955,20.463,19.836,20.267,6707739.0,0.0001
2023-09-30,20.268,21.808,20.071,21.361,10876243.0,0.0001
2023-10-01,21.361,24.527,21.131,23.884,15919278.0,0.0001
2023-10-02,23.885,24.816,22.92,23.382,16787302.0,0.0001
2023-10-03,23.384,24.81,23.205,23.615,16938690.0,0.0001
2023-10-04,23.615,23.859,22.582,23.12,14117141.0,0.0001
2023-10-05,23.118,23.758,22.495,22.693,11103022.0,0.0001
2023-10-06,22.696,23.784,22.665,23.402,11144730.0,0.0001
2023-10-07,23.4,24.229,23.076,23.299,7291205.0,0.0001
2023-10-08,23.294,23.632,23.054,23.218,5552108.0,0.0001
2023-10-09,23.219,23.372,21.566,22.089,10123448.0,0.0001
2023-10-10,22.089,22.481,21.687,22.117,7246487.0,0.0001
2023-10-11,22.115,22.415,21.622,22.014,8223165.0,0.0001
2023-10-12,22.012,22.057,20.865,21.286,8324783.0,0.0001
2023-10-13,21.285,22.208,21.112,21.837,6429576.0,0.0001
2023-10-14,21.837,22.344,21.79,21.994,5379152.0,0.0001
2023-10-15,21.991,22.18,21.651,21.932,5122214.0,0.0001
2023-10-16,21.933,25.0,21.88,23.952,17431443.0,0.0001
2023-10-17,23.95,24.585,23.443,23.937,14405759.0,0.0001
2023-10-18,23.938,24.437,23.355,23.418,9074182.0,0.0001
2023-10-19,23.417,25.926,23.082,24.923,14740461.0,0.0001
2023-10-20,24.918,27.646,24.73,27.011,20093424.0,0.0001
2023-10-21,27.011,30.412,26.651,29.327,21140298.0,0.0001
2023-10-22,29.326,30.02,28.051,29.047,13535618.0,0.0001
2023-10-23,29.044,32.954,28.735,31.926,30103081.0,0.0001
2023-10-24,31.921,32.634,29.512,30.17,20208859.0,0.0001
2023-10-25,30.169,33.978,29.988,32.456,19559958.0,0.0001
2023-10-26,32.455,33.29,30.718,32.78,15059755.0,0.0001
2023-10-27,32.789,33.425,31.2,31.738,12919123.0,0.0001
2023-10-28,31.743,32.528,31.327,31.628,5734269.0,0.0001
2023-10-29,31.629,33.245,31.234,32.835,6122390.0,0.0001
2023-10-30,32.836,35.4,32.273,34.945,12652041.0,0.0001
2023-10-31,34.944,38.651,34.818,38.4,16203887.0,0.0001
2023-11-01,38.401,46.898,37.801,41.23,39143986.0,0.0001
2023-11-02,41.228,44.6,38.609,40.241,29055275.0,0.0001
2023-11-03,40.246,40.263,38.0,39.469,19364128.0,0.0001
2023-11-04,39.469,42.75,39.016,42.412,15696304.0,0.0001
2023-11-05,42.426,42.87,40.0,41.157,9373340.0,0.0001
2023-11-06,41.157,42.222,39.634,42.166,9773038.0,0.0001
2023-11-07,42.167,44.862,40.051,42.945,16116691.0,0.0001
2023-11-08,42.945,43.9,42.249,43.117,9103948.0,0.0001
2023-11-09,43.116,49.0,40.5,45.286,23598042.0,0.0001
2023-11-10,45.279,57.55,45.054,56.69,21730508.0,0.0001
2023-11-11,56.68,63.96,53.51,56.37,25004876.0,0.0001
2023-11-12,56.39,61.9,54.45,56.29,19026325.0,0.0001
2023-11-13,56.29,60.0,51.48,51.63,23639876.0,0.0001
2023-11-14,51.63,58.16,51.18,56.79,24556800.0,0.0001
2023-11-15,56.8,67.24,56.16,65.5,20659998.0,0.0001
2023-11-16,65.49,68.34,56.31,57.78,23648910.0,0.0001
2023-11-17,57.77,60.59,54.07,58.49,16692555.0,0.0001
2023-11-18,58.5,59.44,54.64,58.61,10088709.0,0.0001
2023-11-19,58.59,62.17,56.55,61.11,10728494.0,0.0001
2023-11-20,61.11,61.34,55.88,56.58,12376753.0,0.0001
2023-11-21,56.57,57.41,51.2,51.66,16149595.0,0.0001
2023-11-22,51.67,59.0,51.43,57.58,10224755.0,0.0001
2023-11-23,57.57,59.65,56.13,56.51,8278166.0,0.0001
2023-11-24,56.52,58.78,56.17,56.86,6344935.0,0.0001
2023-11-25,56.85,59.86,55.57,58.84,6345411.0,0.0001
2023-11-26,58.84,59.05,56.05,57.58,5651392.0,0.0001
2023-11-27,57.59,58.08,53.42,55.04,8406062.0,0.0001
2023-11-28,55.04,58.66,53.93,58.19,8583322.0,0.0001
2023-11-29,58.2,61.81,57.72,59.32,11544005.0,0.0001
2023-11-30,59.31,61.75,58.74,59.31,8221599.0,0.0001
2023-12-01,59.3,61.9,58.59,59.77,8445674.0,0.0001
2023-12-02,59.76,63.96,59.68,63.68,7912380.0,0.0001
2023-12-03,63.68,65.6,62.24,62.98,7542722.0,0.0001
2023-12-04,62.99,65.38,59.02,61.66,13517674.0,0.0001
2023-12-05,61.66,62.69,59.08,61.03,9584468.0,0.0001
2023-12-06,61.04,66.77,61.02,61.83,15760131.0,0.0001
2023-12-07,61.84,69.49,61.62,67.77,13199547.0,0.0001
2023-12-08,67.79,75.52,67.78,74.94,16105329.0,0.0001
2023-12-09,74.94,77.83,71.5,72.33,13378708.0,0.0001
2023-12-10,72.34,74.92,70.65,74.86,7664498.0,0.0001
2023-12-11,74.86,74.98,62.66,70.23,18027481.0,0.0001
2023-12-12,70.23,72.45,65.75,68.6,10762369.0,0.0001
2023-12-13,68.59,72.65,63.65,70.64,10662949.0,0.0001
2023-12-14,70.66,76.3,68.0,75.7,10413190.0,0.0001
2023-12-15,75.71,79.6,72.14,72.52,13052941.0,0.0001
2023-12-16,72.53,77.25,71.2,73.74,7511903.0,0.0001
2023-12-17,73.73,75.14,70.51,70.87,6467586.0,0.0001
2023-12-18,70.86,75.49,66.91,74.43,10086394.0,0.0001
2023-12-19,74.44,76.4,71.8,73.0,7540984.0,0.0001
2023-12-20,73.0,84.25,72.95,82.2,14143466.0,0.0001
2023-12-21,82.21,95.99,81.09,93.9,18532339.0,0.0001
2023-12-22,93.91,99.6,90.39,97.9,17466625.0,0.0001
2023-12-23,97.9,110.81,92.8,107.99,12568642.0,0.0001
2023-12-24,107.99,118.45,107.35,112.5,19397640.0,0.0001
2023-12-25,112.51,127.02,107.42,120.85,16257660.0,0.0001
2023-12-26,120.86,121.39,101.64,112.42,18663871.0,0.0001
2023-12-27,112.42,115.51,104.55,107.01,13401170.0,0.0001
2023-12-28,107.01,109.77,97.21,101.81,14572014.0,0.0001
2023-12-29,101.82,110.18,99.34,106.19,13908680.0,0.0001
2023-12-30,106.2,107.63,100.66,101.94,6680057.0,0.0001
2023-12-31,101.94,105.27,99.59,101.74,6086794.0,0.0001
2024-01-01,101.74,109.99,101.44,109.97,6479551.0,0.0001
2024-01-02,109.96,116.97,106.01,106.75,9610777.0,0.0001
2024-01-03,106.77,109.94,80.53,98.59,19057357.0,0.0001
2024-01-04,98.58,108.31,96.61,104.92,9281795.0,0.0001
2024-01-05,104.92,105.56,95.0,99.93,9834625.0,0.0001
2024-01-06,99.94,100.4,91.55,93.79,7658595.0,0.0001
2024-01-07,93.79,96.75,87.48,89.41,7427834.0,0.0001
2024-01-08,89.42,99.99,85.1,97.94,13078896.0,0.0001
2024-01-09,97.92,105.66,95.23,99.34,13293602.0,0.0001
2024-01-10,99.33,105.52,92.13,102.07,13856086.0,0.0001
2024-01-11,102.07,107.25,97.56,99.93,10910295.0,0.0001
2024-01-12,99.94,100.51,86.07,92.08,8537625.0,0.0001
2024-01-13,92.08,97.03,89.48,95.85,5140467.0,0.0001
2024-01-14,95.85,103.0,93.67,93.83,8234095.0,0.0001
2024-01-15,93.82,96.98,92.92,94.38,4572283.0,0.0001
2024-01-16,94.36,98.76,94.16,97.61,5273658.0,0.0001
2024-01-17,97.6,102.89,96.64,102.15,9347944.0,0.0001
2024-01-18,102.14,103.63,91.3,94.41,9320038.0,0.0001
2024-01-19,94.4,95.46,87.03,93.63,9396941.0,0.0001
2024-01-20,93.61,94.3,90.12,92.91,4234215.0,0.0001
2024-01-21,92.92,94.0,90.79,91.11,3099779.0,0.0001
2024-01-22,91.12,91.95,82.02,83.86,12221606.0,0.0001
2024-01-23,83.85,85.95,78.94,84.32,10773270.0,0.0001
2024-01-24,84.34,89.42,83.24,88.76,8788621.0,0.0001
2024-01-25,88.76,89.62,85.08,86.91,6927933.0,0.0001
2024-01-26,86.91,93.74,85.97,92.29,7998950.0,0.0001
2024-01-27,92.29,94.57,90.67,94.27,5295717.0,0.0001
2024-01-28,94.27,99.45,93.35,95.99,10112629.0,0.0001
2024-01-29,95.99,101.98,95.07,101.66,9325200.0,0.0001
2024-01-30,101.67,106.6,100.98,101.43,10525564.0,0.0001
2024-01-31,101.43,102.74,95.87,96.94,12837670.0,0.0001
2024-02-01,96.93,98.17,93.12,97.8,10379456.0,0.0001
2024-02-02,97.81,102.54,97.39,100.62,9009609.0,0.0001
2024-02-03,100.61,101.24,96.65,97.96,4449639.0,0.0001
2024-02-04,97.95,98.62,95.0,95.48,4466973.0,0.0001
2024-02-05,95.49,98.71,94.12,95.66,6501429.0,0.0001
2024-02-06,95.65,97.9,93.15,96.87,7242935.0,0.0001
2024-02-07,96.88,101.6,94.56,101.15,6002022.0,0.0001
2024-02-08,101.15,104.94,100.55,102.77,7510510.0,0.0001
2024-02-09,102.78,109.31,102.77,106.99,9684291.0,0.0001
2024-02-10,107.0,110.87,106.93,109.0,5895522.0,0.0001
2024-02-11,109.01,110.72,107.25,107.52,4921714.0,0.0001
2024-02-12,107.52,112.31,103.45,111.71,10628515.0,0.0001
2024-02-13,111.72,115.26,108.33,112.51,8532347.0,0.0001
2024-02-14,112.5,118.79,110.62,117.01,7430405.0,0.0001
2024-02-15,117.01,118.42,111.53,113.52,8073093.0,0.0001
2024-02-16,113.53,114.28,107.65,110.36,6980004.0,0.0001
2024-02-17,110.37,111.12,105.6,108.95,5466765.0,0.0001
2024-02-18,108.95,114.08,107.55,112.26,5304537.0,0.0001
2024-02-19,112.26,114.89,110.81,111.59,7458426.0,0.0001
2024-02-20,111.6,112.16,102.31,108.33,10124871.0,0.0001
2024-02-21,108.34,108.41,100.2,105.03,8420557.0,0.0001
2024-02-22,105.06,107.14,101.3,101.71,7006651.0,0.0001
2024-02-23,101.71,103.12,98.65,99.88,5925004.0,0.0001
2024-02-24,99.9,104.95,98.43,104.03,3731810.0,0.0001
2024-02-25,104.03,104.49,102.05,103.53,3360877.0,0.0001
2024-02-26,103.52,110.88,100.28,109.97,8503268.0,0.0001
2024-02-27,109.96,112.45,105.3,108.38,9023276.0,0.0001
2024-02-28,108.38,119.49,104.81,119.42,16092892.0,0.0001
2024-02-29,119.43,134.64,116.77,125.61,17367111.0,0.0001
2024-03-01,125.65,137.89,125.59,129.41,12648171.0,0.0001
2024-03-02,129.42,131.83,127.15,130.13,7172061.0,0.0001
2024-03-03,130.15,132.26,123.22,130.23,9035224.0,0.0001
2024-03-04,130.24,135.01,127.32,133.43,11384032.0,0.0001
2024-03-05,133.42,142.74,101.8,125.3,21544578.0,0.0001
2024-03-06,125.28,135.02,120.07,130.82,10270682.0,0.0001
2024-03-07,130.84,149.54,130.54,143.85,13636363.0,0.0001
2024-03-08,143.86,152.8,142.0,144.77,11024102.0,0.0001
2024-03-09,144.78,149.24,143.56,144.34,3749241.0,0.0001
2024-03-10,144.37,148.63,140.43,144.47,5759457.0,0.0001
2024-03-11,144.47,150.57,136.0,148.97,8209085.0,0.0001
2024-03-12,148.97,155.34,141.41,151.14,11977252.0,0.0001
2024-03-13,151.14,166.9,148.76,163.96,8177458.0,0.0001
2024-03-14,163.95,178.64,159.12,176.69,15394388.0,0.0001
2024-03-15,176.72,189.0,164.55,184.12,23435644.0,0.0001
2024-03-16,184.12,197.98,176.75,182.11,16265148.0,0.0001
2024-03-17,182.12,205.38,178.67,201.82,12614705.0,0.0001
2024-03-18,201.82,210.25,193.9,195.98,14499774.0,0.0001
2024-03-19,195.97,198.73,166.0,169.88,21943684.0,0.0001
2024-03-20,169.88,193.2,162.48,191.84,18186349.0,0.0001
2024-03-21,191.82,195.74,175.8,179.5,10224247.0,0.0001
2024-03-22,179.5,181.96,167.55,175.11,8144722.0,0.0001
2024-03-23,175.12,179.0,170.45,172.66,5405158.0,0.0001
2024-03-24,172.66,186.82,171.33,183.93,4804540.0,0.0001
2024-03-25,183.94,194.67,180.98,189.09,7219662.0,0.0001
2024-03-26,189.1,196.73,186.28,190.47,5595287.0,0.0001
2024-03-27,190.47,192.76,180.12,186.35,6088948.0,0.0001
2024-03-28,186.36,191.12,181.0,189.76,4168936.0,0.0001
2024-03-29,189.76,193.12,183.43,192.08,4153133.0,0.0001
2024-03-30,192.09,200.24,190.77,194.25,4502522.0,0.0001
2024-03-31,194.25,203.35,193.8,202.66,3043445.0,0.0001
2024-04-01,202.66,204.7,186.61,192.27,6432194.0,0.0001
2024-04-02,192.27,192.31,176.0,181.55,7143852.0,0.0001
2024-04-03,181.56,191.8,176.87,185.11,6074851.0,0.0001
2024-04-04,185.11,190.28,180.25,184.05,4521385.0,0.0001
2024-04-05,184.05,185.13,167.66,174.39,7413835.0,0.0001
2024-04-06,174.4,180.17,173.55,178.68,4380650.0,0.0001
2024-04-07,178.68,182.73,176.89,179.62,4399574.0,0.0001
2024-04-08,179.61,184.74,175.4,180.71,5487564.0,0.0001
2024-04-09,180.7,181.0,169.09,172.43,6360388.0,0.0001
2024-04-10,172.43,175.5,162.22,173.37,7559088.0,0.0001
2024-04-11,173.37,176.38,170.13,172.39,6617605.1,0.0001
2024-04-12,172.39,175.96,138.36,153.11,12822867.8,0.0001
2024-04-13,153.11,154.94,111.25,138.47,22352806.4,0.0001
2024-04-14,138.46,152.86,130.52,151.25,14213001.8,0.0001
2024-04-15,151.25,156.06,133.74,138.51,12387941.0,0.0001
2024-04-16,138.51,140.72,126.3,136.23,12175780.9,0.0001
2024-04-17,136.23,142.63,126.87,131.87,14254627.8,0.0001
2024-04-18,131.87,143.92,127.59,142.0,11987081.5,0.0001
2024-04-19,142.0,147.57,128.4,142.47,14768904.9,0.0001
2024-04-20,142.49,152.41,139.65,151.24,5902545.3,0.0001
2024-04-21,151.24,153.45,146.85,148.82,4689929.4,0.0001
2024-04-22,148.83,158.47,146.69,156.91,6097852.7,0.0001
2024-04-23,156.92,160.0,153.05,154.77,6056630.9,0.0001
2024-04-24,154.76,159.7,145.58,147.76,8964235.4,0.0001
2024-04-25,147.74,149.61,142.02,144.87,7576224.3,0.0001
2024-04-26,144.86,146.25,138.71,139.23,6155823.9,0.0001
2024-04-27,139.22,143.05,132.34,141.28,6274433.2,0.0001
2024-04-28,141.29,144.73,137.02,137.99,4372577.1,0.0001
2024-04-29,138.0,138.95,133.14,137.8,6925194.4,0.0001
2024-04-30,137.82,139.78,121.2,126.74,10919596.4,0.0001
2024-05-01,126.75,135.93,118.42,134.6,13176140.4,0.0001
2024-05-02,134.61,140.89,128.28,137.57,8982830.1,0.0001
2024-05-03,137.59,145.01,135.89,143.7,7149454.9,0.0001
2024-05-04,143.69,149.16,142.24,146.05,4487163.3,0.0001
2024-05-05,146.07,148.1,143.22,145.73,4088700.2,0.0001
2024-05-06,145.73,156.9,145.41,152.83,9477438.2,0.0001
2024-05-07,152.84,160.0,147.79,148.04,8216255.1,0.0001
2024-05-08,148.04,149.95,139.92,142.15,7225536.3,0.0001
2024-05-09,142.15,153.45,140.62,152.49,6547143.4,0.0001
2024-05-10,152.49,155.83,144.43,146.04,7727674.9,0.0001
2024-05-11,146.04,147.76,143.11,145.39,3111749.8,0.0001
2024-05-12,145.39,147.8,142.28,143.41,2791175.1,0.0001
2024-05-13,143.43,150.89,137.78,147.57,8564390.2,0.0001
2024-05-14,147.55,149.09,141.83,142.02,6615323.8,0.0001
2024-05-15,142.03,159.0,141.2,158.48,7575362.7,0.0001
2024-05-16,158.48,164.79,156.65,159.36,8695045.0,0.0001
2024-05-17,159.35,172.05,159.33,169.48,7337793.9,0.0001
2024-05-18,169.49,175.96,168.73,172.36,4925367.9,0.0001
2024-05-19,172.37,175.46,166.13,169.94,6224118.6,0.0001
2024-05-20,169.95,188.4,167.63,186.75,11287841.7,0.0001
2024-05-21,186.74,189.02,174.31,178.16,8552580.3,0.0001
2024-05-22,178.16,183.54,175.14,177.04,7181010.7,0.0001
2024-05-23,177.04,181.14,165.0,176.18,9821624.0,0.0001
2024-05-24,176.17,176.17,162.44,167.67,6705851.7,0.0001
2024-05-25,167.66,170.55,165.8,168.35,2855596.1,0.0001
2024-05-26,168.36,168.4,161.0,163.43,4159822.6,0.0001
2024-05-27,163.42,172.34,163.37,170.16,4858298.9,0.0001
2024-05-28,170.16,173.37,165.0,168.68,7277643.6,0.0001
2024-05-29,168.69,173.92,167.25,168.36,6450855.7,0.0001
2024-05-30,168.36,172.59,163.62,166.91,6694935.1,0.0001
2024-05-31,166.91,170.97,163.93,165.68,5461372.5,0.0001
2024-06-01,165.68,167.92,165.68,166.14,2127199.1,0.0001
2024-06-02,166.14,167.13,161.41,163.2,3469698.9,0.0001
2024-06-03,163.2,167.31,161.91,164.9,5443893.4,0.0001
2024-06-04,164.91,171.88,164.3,171.74,4243110.0,0.0001
2024-06-05,171.74,175.62,171.17,173.57,4543633.1,0.0001
2024-06-06,173.6,174.37,167.61,170.2,3439256.61,0.0001
2024-06-07,170.2,172.88,151.58,162.51,9168595.84,0.0001
2024-06-08,162.52,163.76,157.38,157.85,3167002.94,0.0001
2024-06-09,157.86,163.04,156.55,162.11,2492441.72,0.0001
2024-06-10,162.11,163.16,157.51,159.08,3692614.52,0.0001
2024-06-11,159.08,159.79,145.14,149.3,8186356.86,0.0001
2024-06-12,149.29,161.82,145.4,155.2,8554454.62,0.0001
2024-06-13,155.19,155.2,146.03,147.29,5395386.64,0.0001
2024-06-14,147.28,149.03,139.32,143.01,6100172.77,0.0001
2024-06-15,143.01,145.77,142.89,145.47,2069168.31,0.0001
2024-06-16,145.48,151.31,143.07,151.26,2645729.19,0.0001
2024-06-17,151.26,151.75,139.79,143.23,5534299.23,0.0001
2024-06-18,143.24,143.75,126.96,137.37,11226860.68,0.0001
2024-06-19,137.37,141.99,134.39,135.61,5708838.7,0.0001
2024-06-20,135.62,141.28,131.87,133.6,6932557.67,0.0001
2024-06-21,133.58,135.38,128.72,134.58,6446043.49,0.0001
2024-06-22,134.59,136.69,133.0,133.67,2614929.8,0.0001
2024-06-23,133.69,135.1,128.21,128.7,3040045.47,0.0001
2024-06-24,128.68,132.6,121.5,132.26,11454797.01,0.0001
2024-06-25,132.27,139.9,131.18,136.56,6437101.08,0.0001
2024-06-26,136.57,140.42,134.83,136.81,4503528.24,0.0001
2024-06-27,136.83,151.18,135.2,149.7,8279876.59,0.0001
2024-06-28,149.7,150.92,139.0,140.04,7981634.07,0.0001
2024-06-29,140.05,143.19,139.72,140.31,2769914.99,0.0001
2024-06-30,140.31,147.67,137.0,146.67,4944410.47,0.0001
2024-07-01,146.67,149.39,145.89,146.71,5407970.36,0.0001
2024-07-02,146.7,154.98,146.16,153.99,6255083.62,0.0001
2024-07-03,154.0,154.45,139.0,140.82,9252033.43,0.0001
2024-07-04,140.82,142.73,127.13,127.83,11403621.73,0.0001
2024-07-05,127.79,136.5,120.59,134.29,15757871.99,0.0001
2024-07-06,134.29,144.57,132.3,143.06,6574613.18,0.0001
2024-07-07,143.06,143.4,131.19,131.65,5473560.66,0.0001
2024-07-08,131.65,142.08,127.75,139.8,11642241.56,0.0001
2024-07-09,139.81,144.34,136.45,141.45,6766888.62,0.0001
2024-07-10,141.45,146.21,138.57,141.99,5593385.98,0.0001
2024-07-11,141.99,146.19,135.51,135.74,6232034.71,0.0001
2024-07-12,135.75,140.56,133.83,139.44,5411554.48,0.0001
2024-07-13,139.44,143.68,137.92,141.83,2937627.73,0.0001
2024-07-14,141.83,148.55,141.81,147.63,4743674.25,0.0001
2024-07-15,147.61,159.91,146.97,159.36,6105225.41,0.0001
2024-07-16,159.33,162.55,152.54,160.65,7472631.04,0.0001
2024-07-17,160.64,163.76,154.67,155.54,5300635.23,0.0001
2024-07-18,155.55,161.64,155.1,159.24,4968020.66,0.0001
2024-07-19,159.24,172.76,156.21,169.18,9045232.94,0.0001
2024-07-20,169.18,175.45,167.21,173.62,3917572.91,0.0001
2024-07-21,173.62,185.25,170.3,184.53,6866845.03,0.0001
2024-07-22,184.52,185.01,176.8,178.9,5772990.32,0.0001
2024-07-23,178.89,180.58,170.51,173.04,7792877.39,0.0001
2024-07-24,173.03,182.5,171.05,178.09,8084494.14,0.0001
2024-07-25,178.07,179.63,165.4,171.83,11648825.86,0.0001
2024-07-26,171.83,183.85,171.69,183.11,6614217.35,0.0001
2024-07-27,183.11,188.36,178.09,184.02,7923949.36,0.0001
2024-07-28,184.02,186.69,181.17,184.87,4133424.65,0.0001
2024-07-29,184.87,193.95,181.61,182.63,8873554.36,0.0001
2024-07-30,182.62,184.8,175.26,179.12,7718084.0,0.0001
2024-07-31,179.13,184.58,171.58,171.66,7608332.11,0.0001
2024-08-01,171.67,172.88,157.77,167.37,11517131.51,0.0001
2024-08-02,167.36,169.41,149.9,152.76,12519081.52,0.0001
2024-08-03,152.76,154.08,139.67,142.5,11302822.08,0.0001
2024-08-04,142.49,146.08,131.16,138.34,13617047.85,0.0001
2024-08-05,138.35,139.46,109.58,129.8,45654633.28,0.0001
2024-08-06,129.81,149.59,129.4,144.4,17732457.58,0.0001
2024-08-07,144.39,154.99,142.3,144.77,16417355.44,0.0001
2024-08-08,144.76,163.73,141.38,163.16,15395676.12,0.0001
2024-08-09,163.17,163.59,150.64,156.28,9082903.95,0.0001
2024-08-10,156.28,158.77,152.65,154.03,4274583.27,0.0001
2024-08-11,154.03,158.0,140.94,141.52,8953120.66,0.0001
2024-08-12,141.53,150.77,141.16,146.32,11921092.93,0.0001
2024-08-13,146.32,149.83,142.91,146.62,6455211.27,0.0001
2024-08-14,146.62,152.17,142.31,143.73,7899061.31,0.0001
2024-08-15,143.72,147.66,137.68,142.58,10350382.03,0.0001
2024-08-16,142.57,144.95,136.12,139.04,9507818.98,0.0001
2024-08-17,139.05,141.99,137.6,141.9,3524935.3,0.0001
2024-08-18,141.91,147.44,140.56,142.4,5368264.42,0.0001
2024-08-19,142.4,146.22,140.34,144.23,6208248.8,0.0001
2024-08-20,144.25,148.85,140.86,142.29,6672466.83,0.0001
2024-08-21,142.28,144.33,138.76,142.8,6810663.09,0.0001
2024-08-22,142.8,144.86,140.61,143.26,3874513.83,0.0001
2024-08-23,143.26,154.13,142.69,153.28,7626072.34,0.0001
2024-08-24,153.28,162.38,152.0,160.64,6434596.29,0.0001
2024-08-25,160.64,161.94,155.26,158.93,4902458.88,0.0001
2024-08-26,158.92,161.99,155.53,157.11,7601988.22,0.0001
2024-08-27,157.11,159.71,145.0,146.81,8431950.54,0.0001
2024-08-28,146.81,149.5,140.57,143.93,8179840.25,0.0001
2024-08-29,143.93,147.32,138.03,140.02,5943070.71,0.0001
2024-08-30,140.02,141.12,132.06,137.99,8248215.64,0.0001
2024-08-31,137.99,139.4,134.4,135.35,3103238.11,0.0001
2024-09-01,135.36,136.12,127.57,128.45,8873787.88,0.0001
2024-09-02,128.45,135.37,126.9,134.89,7991061.07,0.0001
2024-09-03,134.9,137.51,127.16,127.54,7152154.89,0.0001
2024-09-04,127.54,134.95,122.46,133.61,10715826.7,0.0001
2024-09-05,133.62,135.8,127.8,129.4,8280541.26,0.0001
2024-09-06,129.39,134.28,120.54,125.0,12620762.05,0.0001
2024-09-07,125.0,129.47,124.11,127.71,4066472.54,0.0001
2024-09-08,127.72,131.77,126.61,130.15,4639233.55,0.0001
2024-09-09,130.14,137.15,126.92,135.04,8316469.12,0.0001
2024-09-10,135.04,137.99,132.55,135.62,5400841.65,0.0001
2024-09-11,135.63,135.9,128.16,132.4,7408311.03,0.0001
2024-09-12,132.38,136.76,132.36,136.05,5552266.22,0.0001
2024-09-13,136.04,139.82,131.66,138.98,6298604.77,0.0001
2024-09-14,138.97,139.78,135.56,137.15,3204468.95,0.0001
2024-09-15,137.15,137.98,130.37,131.36,3757054.87,0.0001
2024-09-16,131.36,132.42,128.9,131.46,4794186.09,0.0001
2024-09-17,131.46,135.56,130.19,131.52,6058295.82,0.0001
2024-09-18,131.52,134.45,127.1,134.33,8183886.78,0.0001
2024-09-19,134.34,144.17,134.08,142.88,8186733.85,0.0001
2024-09-20,142.88,152.55,141.18,146.7,10013460.26,0.0001
2024-09-21,146.71,149.89,144.66,149.48,3540320.34,0.0001
2024-09-22,149.47,149.97,141.04,144.67,5866866.06,0.0001
2024-09-23,144.68,149.09,142.13,144.8,6747874.5,0.0001
2024-09-24,144.8,154.0,143.06,152.75,7939457.85,0.0001
2024-09-25,152.74,153.92,147.25,147.96,5474882.83,0.0001
2024-09-26,147.97,158.25,146.6,155.53,8820197.34,0.0001
2024-09-27,155.52,161.45,153.9,157.67,7133365.58,0.0001
2024-09-28,157.67,159.47,155.01,156.78,2980719.04,0.0001
2024-09-29,156.78,161.77,155.1,158.47,4631346.97,0.0001
2024-09-30,158.47,159.82,151.72,152.51,6919667.75,0.0001
2024-10-01,152.51,157.36,142.17,145.16,11109120.27,0.0001
2024-10-02,145.15,148.95,138.41,140.19,6702074.24,0.0001
2024-10-03,140.19,142.95,132.94,136.77,8717295.44,0.0001
2024-10-04,136.77,144.58,135.92,143.21,6058585.39,0.0001
2024-10-05,143.21,144.94,141.08,142.61,3359884.53,0.0001
2024-10-06,142.62,146.77,142.0,146.47,3086187.94,0.0001
2024-10-07,146.46,152.33,143.5,143.96,6960639.92,0.0001
2024-10-08,143.97,145.6,141.14,143.49,4826893.33,0.0001
2024-10-09,143.5,145.36,138.63,139.33,5060130.52,0.0001
2024-10-10,139.32,140.94,135.51,139.02,5792724.06,0.0001
2024-10-11,139.02,146.64,138.71,145.55,4582409.48,0.0001
2024-10-12,145.54,147.28,144.7,146.41,2253118.85,0.0001
2024-10-13,146.41,148.88,144.43,147.73,3301444.25,0.0001
2024-10-14,147.74,158.22,146.77,157.58,6239916.48,0.0001
2024-10-15,157.59,159.78,150.32,154.75,8691862.27,0.0001
2024-10-16,154.75,158.42,153.01,154.26,5260837.43,0.0001
2024-10-17,154.26,155.8,147.7,150.51,4816372.43,0.0001
2024-10-18,150.51,156.66,149.65,154.93,3784319.17,0.0001
2024-10-19,154.93,159.88,153.66,159.85,2762448.47,0.0001
2024-10-20,159.84,167.99,157.66,167.48,5702173.66,0.0001
2024-10-21,167.47,171.8,161.36,166.19,8302435.26,0.0001
2024-10-22,166.18,170.93,163.01,167.63,7494866.64,0.0001
2024-10-23,167.63,174.24,164.14,170.87,9127893.46,0.0001
2024-10-24,170.87,179.36,170.52,177.18,7534134.89,0.0001
2024-10-25,177.18,177.58,158.93,164.84,11789995.55,0.0001
2024-10-26,164.84,173.31,162.52,170.88,5080465.85,0.0001
2024-10-27,170.88,178.31,170.31,176.6,5667570.61,0.0001
2024-10-28,176.59,179.81,172.43,178.28,7992884.19,0.0001
2024-10-29,178.29,183.55,176.4,179.44,7927689.45,0.0001
2024-10-30,179.44,181.33,173.14,174.88,5626812.68,0.0001
2024-10-31,174.87,176.57,167.55,168.68,5678874.51,0.0001
2024-11-01,168.68,174.06,163.43,166.11,6770112.77,0.0001
2024-11-02,166.11,168.6,162.05,166.13,3164509.12,0.0001
2024-11-03,166.14,166.59,157.73,162.5,6095877.66,0.0001
2024-11-04,162.5,165.03,155.09,157.94,5321984.13,0.0001
2024-11-05,157.95,169.3,156.87,166.62,6366569.17,0.0001
2024-11-06,166.63,190.09,166.41,186.55,14874262.63,0.0001
2024-11-07,186.55,197.9,185.75,196.39,8248184.0,0.0001
2024-11-08,196.39,205.18,195.66,199.87,10145090.08,0.0001
2024-11-09,199.88,203.47,195.01,199.96,5627168.9,0.0001
2024-11-10,199.97,215.54,198.73,210.1,12909310.88,0.0001
2024-11-11,210.1,224.16,204.11,222.2,12239905.94,0.0001
2024-11-12,222.21,225.54,204.69,211.68,14153081.88,0.0001
2024-11-13,211.68,220.77,200.72,215.13,14410067.27,0.0001
2024-11-14,215.16,222.87,206.73,209.59,8562758.82,0.0001
2024-11-15,209.59,220.66,204.51,218.57,5963780.19,0.0001
2024-11-16,218.58,221.93,213.31,215.79,5081227.02,0.0001
2024-11-17,215.79,242.21,212.08,237.46,11624321.3,0.0001
2024-11-18,237.46,248.65,234.08,239.82,8964520.67,0.0001
2024-11-19,239.83,247.65,233.55,237.62,6786084.82,0.0001
2024-11-20,237.61,242.56,230.5,235.51,6902068.02,0.0001
2024-11-21,235.51,260.0,229.5,256.48,10792435.6,0.0001
2024-11-22,256.49,264.54,251.47,256.98,7078149.77,0.0001
2024-11-23,256.98,264.16,252.68,254.91,5918672.36,0.0001
2024-11-24,254.91,259.86,241.01,252.79,5757521.45,0.0001
2024-11-25,252.8,256.9,231.0,234.22,7802966.9,0.0001
2024-11-26,234.2,239.68,221.64,230.72,7073105.69,0.0001
2024-11-27,230.71,243.45,227.6,242.01,5481265.25,0.0001
2024-11-28,241.98,245.36,232.88,237.59,3819948.0,0.0001
2024-11-29,237.6,246.85,236.55,243.33,4204894.85,0.0001
2024-11-30,243.34,245.45,237.52,237.65,2848375.21,0.0001
2024-12-01,237.66,239.98,234.16,236.95,3200209.3,0.0001
2024-12-02,236.96,238.48,220.1,225.86,8097994.15,0.0001
2024-12-03,225.86,239.67,215.01,234.05,8851758.64,0.0001
2024-12-04,234.08,240.94,224.68,229.27,6973916.55,0.0001
2024-12-05,229.26,245.0,223.05,235.94,10479448.13,0.0001
2024-12-06,235.95,247.17,230.9,236.98,6849316.76,0.0001
2024-12-07,236.97,243.86,234.2,238.2,4006186.94,0.0001
2024-12-08,238.2,241.63,233.26,237.13,3325935.27,0.0001
2024-12-09,237.13,237.42,200.8,216.63,11854050.07,0.0001
2024-12-10,216.62,220.94,203.19,213.59,9811046.48,0.0001
2024-12-11,213.59,230.66,211.53,227.32,5385795.47,0.0001
2024-12-12,227.34,234.72,225.68,226.95,4278205.4,0.0001
2024-12-13,226.95,228.58,220.62,224.77,3798889.02,0.0001
2024-12-14,224.78,227.53,215.05,219.97,3889871.66,0.0001
2024-12-15,219.97,225.55,215.7,224.28,3561011.5,0.0001
2024-12-16,224.29,227.5,213.26,216.22,5347183.48,0.0001
2024-12-17,216.22,229.13,211.4,223.22,7712239.75,0.0001
2024-12-18,223.23,226.1,204.67,206.55,8543492.03,0.0001
2024-12-19,206.55,212.09,186.87,193.79,12112875.3,0.0001
2024-12-20,193.8,199.72,175.13,194.44,13810896.93,0.0001
2024-12-21,194.43,201.99,178.33,181.42,7462467.79,0.0001
2024-12-22,181.42,187.83,176.86,180.51,6354329.35,0.0001
2024-12-23,180.5,193.46,176.4,190.11,7615254.82,0.0001
2024-12-24,190.11,199.05,186.15,197.07,5260308.26,0.0001
2024-12-25,197.07,201.85,195.01,197.42,3331552.05,0.0001
2024-12-26,197.43,199.71,186.64,188.46,4383266.83,0.0001
2024-12-27,188.46,194.38,182.62,184.27,4226209.78,0.0001
2024-12-28,184.26,196.07,183.81,195.51,2814519.04,0.0001
2024-12-29,195.51,197.7,188.58,189.94,3129471.17,0.0001
2024-12-30,189.94,196.47,185.86,191.33,4938353.0,0.0001
2024-12-31,191.33,199.2,188.0,189.33,3889317.35,0.0001
2025-01-01,189.34,195.33,187.91,194.3,2896293.7,0.0001
2025-01-02,194.3,210.67,193.44,208.3,6295550.56,0.0001
2025-01-03,208.29,219.83,205.64,218.01,5254423.13,0.0001
2025-01-04,218.02,218.12,213.52,216.63,2468472.71,0.0001
2025-01-05,216.63,219.04,211.55,213.42,2671385.47,0.0001
2025-01-06,213.42,223.2,211.55,218.26,4412280.49,0.0001
2025-01-07,218.25,219.15,201.68,202.14,7725847.16,0.0001
2025-01-08,202.14,203.3,188.32,197.47,7894034.79,0.0001
2025-01-09,197.47,199.09,182.0,185.0,6706229.25,0.0001
2025-01-10,184.99,193.02,183.53,187.7,5794736.81,0.0001
2025-01-11,187.69,191.94,184.12,188.07,2876791.41,0.0001
2025-01-12,188.06,191.07,185.16,188.53,2327315.65,0.0001
2025-01-13,188.52,191.99,168.01,182.84,9995711.51,0.0001
2025-01-14,182.84,190.12,181.87,187.56,4382179.67,0.0001
2025-01-15,187.56,206.07,185.86,205.87,5555488.29,0.0001
2025-01-16,205.87,217.16,198.5,211.15,7768085.41,0.0001
2025-01-17,211.15,222.16,209.85,219.55,6231234.44,0.0001
2025-01-18,219.55,270.9,217.27,261.98,24673250.8,0.0001
2025-01-19,261.99,295.82,238.01,252.95,29576082.11,0.0001
2025-01-20,252.93,273.19,229.7,242.05,19473248.89,0.0001
2025-01-21,242.05,260.23,230.39,250.36,10224138.81,0.0001
2025-01-22,250.37,272.12,248.42,257.3,9453037.29,0.0001
2025-01-23,257.32,258.45,242.11,253.08,10018900.86,0.0001
2025-01-24,253.12,270.31,247.2,253.37,7269929.09,0.0001
2025-01-25,253.38,260.86,246.29,256.46,6492921.59,0.0001
2025-01-26,256.46,260.21,240.3,240.51,4690234.16,0.0001
2025-01-27,240.5,242.67,220.5,234.87,15044679.81,0.0001
2025-01-28,234.87,243.9,225.12,227.03,6489949.37,0.0001
2025-01-29,227.03,238.68,222.59,228.15,7616533.53,0.0001
2025-01-30,228.15,244.75,226.83,238.31,5706211.76,0.0001
2025-01-31,238.31,241.86,228.21,231.74,5732648.88,0.0001
2025-02-01,231.73,234.15,212.57,212.96,5326368.73,0.0001
2025-02-02,212.95,218.8,191.68,203.48,12365594.43,0.0001
2025-02-03,203.49,218.86,175.08,216.31,22190902.54,0.0001
2025-02-04,216.3,220.0,201.84,206.6,8882158.39,0.0001
2025-02-05,206.6,209.34,195.13,196.12,5629007.19,0.0001
2025-02-06,196.13,203.97,187.37,189.52,6392804.54,0.0001
2025-02-07,189.52,203.42,188.1,191.93,6779906.71,0.0001
2025-02-08,191.94,200.84,189.75,199.26,3397920.67,0.0001
2025-02-09,199.26,207.36,193.43,200.41,5427504.55,0.0001
2025-02-10,200.42,209.12,195.74,200.48,6394084.95,0.0001
2025-02-11,200.47,206.18,195.04,197.95,5563266.62,0.0001
2025-02-12,197.94,198.56,188.41,196.8,7503131.26,0.0001
2025-02-13,196.81,198.49,188.65,194.22,4407472.61,0.0001
2025-02-14,194.23,205.38,194.1,199.46,5014466.29,0.0001
2025-02-15,199.45,200.28,192.53,194.48,3052345.87,0.0001
2025-02-16,194.48,196.26,186.06,188.22,4365721.8,0.0001
2025-02-17,188.22,189.72,174.43,177.55,9145414.22,0.0001
2025-02-18,177.55,179.1,160.89,169.29,14724649.69,0.0001
2025-02-19,169.29,174.26,163.73,168.93,8303366.31,0.0001
2025-02-20,168.94,176.65,167.65,175.97,6205830.5,0.0001
2025-02-21,175.97,180.55,167.14,168.94,9207631.98,0.0001
2025-02-22,168.94,174.78,168.05,172.08,3475727.01,0.0001
2025-02-23,172.07,173.09,166.2,167.91,3793620.25,0.0001
2025-02-24,167.91,169.65,137.5,141.8,17294716.02,0.0001
2025-02-25,141.81,147.07,131.91,144.28,22837153.41,0.0001
2025-02-26,144.28,145.2,130.61,135.33,13609455.92,0.0001
2025-02-27,135.33,142.86,134.71,137.71,9339301.06,0.0001
2025-02-28,137.71,148.75,125.55,148.17,21026570.88,0.0001
2025-03-01,148.18,151.17,138.56,143.63,9450567.93,0.0001
2025-03-02,143.64,179.85,140.02,178.72,25817119.98,0.0001
2025-03-03,178.72,179.59,139.25,142.12,21206179.12,0.0001
2025-03-04,142.12,146.84,130.52,144.76,21180806.9,0.0001
2025-03-05,144.76,149.7,140.14,146.24,9643269.24,0.0001
2025-03-06,146.24,152.86,142.42,143.27,9851733.65,0.0001
2025-03-07,143.27,150.91,135.01,139.4,14387599.71,0.0001
2025-03-08,139.4,141.05,135.25,136.98,4646231.74,0.0001
2025-03-09,136.97,139.85,125.42,126.5,9443334.95,0.0001
2025-03-10,126.51,131.56,115.45,118.31,14001365.96,0.0001
2025-03-11,118.32,128.4,111.93,125.34,13352738.49,0.0001
2025-03-12,125.33,131.28,121.22,126.6,9683823.49,0.0001
2025-03-13,126.59,128.76,120.69,123.39,7876150.61,0.0001
2025-03-14,123.38,136.26,122.96,133.55,8209453.4,0.0001
2025-03-15,133.55,136.55,132.44,135.86,4762742.47,0.0001
2025-03-16,135.85,136.73,125.19,126.11,7995376.59,0.0001
2025-03-17,126.11,130.63,125.53,128.0,6959729.21,0.0001
2025-03-18,127.99,128.17,121.72,125.31,6723784.22,0.0001
2025-03-19,125.31,136.06,124.14,135.34,8954123.19,0.0001
2025-03-20,135.34,136.16,126.62,127.6,6639198.31,0.0001
2025-03-21,127.6,130.19,124.83,128.47,6090566.54,0.0001
2025-03-22,128.46,131.82,127.78,128.49,3894389.66,0.0001
2025-03-23,128.49,134.04,128.2,132.87,4893321.13,0.0001
2025-03-24,132.86,144.95,132.03,140.99,11176142.86,0.0001
2025-03-25,140.99,147.48,138.12,143.66,10134881.15,0.0001
2025-03-26,143.66,145.47,135.85,137.35,8601571.2,0.0001
2025-03-27,137.35,140.23,135.52,138.45,6922085.33,0.0001
2025-03-28,138.45,139.07,127.62,129.45,10474978.38,0.0001
2025-03-29,129.45,130.58,122.55,124.57,7952111.04,0.0001
2025-03-30,124.58,127.05,122.81,124.81,5649692.48,0.0001
2025-03-31,124.81,127.82,122.64,124.54,10312466.29,0.0001
2025-04-01,124.53,130.44,123.71,126.67,10970043.2,0.0001
2025-04-02,126.68,136.33,116.75,117.38,17639889.86,0.0001
2025-04-03,117.37,120.93,112.16,117.15,15703969.13,0.0001
2025-04-04,117.14,124.0,113.26,122.79,19491490.8,0.0001
2025-04-05,122.79,122.87,117.13,120.31,5536901.42,0.0001
2025-04-06,120.31,121.14,103.8,105.9,15695039.8,0.0001
2025-04-07,105.89,113.0,95.19,106.96,34145388.33,0.0001
2025-04-08,106.95,112.57,102.91,105.38,15207697.55,0.0001
2025-04-09,105.38,120.71,101.26,119.07,21446536.57,0.0001
2025-04-10,119.07,119.33,108.31,112.81,11615556.39,0.0001
2025-04-11,112.8,122.74,112.15,121.39,11104579.07,0.0001
2025-04-12,121.4,134.13,119.42,132.27,12791681.22,0.0001
2025-04-13,132.27,134.09,125.31,128.38,11837713.32,0.0001
2025-04-14,128.37,136.21,127.93,129.41,13599683.7,0.0001
2025-04-15,129.41,134.49,125.81,126.11,10132839.93,0.0001
2025-04-16,126.11,133.92,123.41,131.37,15873723.46,0.0001
2025-04-17,131.36,136.21,129.47,134.81,12385750.46,0.0001
2025-04-18,134.82,136.0,132.43,134.03,7046960.56,0.0001
2025-04-19,134.03,140.66,133.57,139.85,8766114.69,0.0001
2025-04-20,139.86,141.96,135.56,137.83,9479666.95,0.0001
2025-04-21,137.84,143.3,133.82,136.54,12706099.29,0.0001
2025-04-22,136.53,150.3,134.6,148.8,13960141.61,0.0001
2025-04-23,148.79,154.27,147.15,151.1,11260263.29,0.0001
2025-04-24,151.1,152.92,145.2,152.5,9416208.39,0.0001
2025-04-25,152.51,156.99,149.5,150.76,11145223.28,0.0001
2025-04-26,150.76,153.17,147.65,149.14,4955045.65,0.0001
2025-04-27,149.14,150.36,145.41,147.91,5722290.4,0.0001
2025-04-28,147.91,153.38,144.54,147.76,11223310.87,0.0001
2025-04-29,147.76,150.31,144.72,146.19,7150720.46,0.0001
2025-04-30,146.19,148.6,140.21,147.47,10492459.96,0.0001
2025-05-01,147.47,153.96,147.47,150.74,8218883.71,0.0001
2025-05-02,150.74,151.89,147.18,147.96,6310325.73,0.0001
2025-05-03,147.97,148.99,145.76,146.64,4384062.84,0.0001
2025-05-04,146.64,147.79,143.54,143.86,5215080.82,0.0001
2025-05-05,143.86,147.7,142.41,146.66,7459068.04,0.0001
2025-05-06,146.66,147.2,141.25,146.82,7475378.41,0.0001
2025-05-07,146.82,149.53,144.58,147.26,7095779.18,0.0001
2025-05-08,147.26,164.56,147.0,164.42,14040682.68,0.0001
2025-05-09,164.42,176.19,161.06,172.74,14676514.42,0.0001
2025-05-10,172.75,178.94,168.68,177.87,8329332.57,0.0001
2025-05-11,177.87,180.24,169.24,173.09,8301486.31,0.0001
2025-05-12,173.09,181.41,168.0,174.16,13393352.69,0.0001
2025-05-13,174.16,184.77,165.88,183.72,10570587.71,0.0001
2025-05-14,183.72,184.9,173.14,176.52,8685990.71,0.0001
2025-05-15,176.51,178.24,166.52,169.07,10906711.95,0.0001
2025-05-16,169.07,174.1,166.26,167.36,7634619.67,0.0001
2025-05-17,167.36,169.9,163.88,165.89,6870792.92,0.0001
2025-05-18,165.89,176.73,164.39,173.2,9347907.41,0.0001
2025-05-19,173.2,173.85,159.32,166.79,10852630.98,0.0001
2025-05-20,166.8,173.07,164.42,168.49,9470302.34,0.0001
2025-05-21,168.49,175.94,165.29,173.5,11176991.07,0.0001
2025-05-22,173.5,180.84,172.44,179.63,7864178.67,0.0001
2025-05-23,179.64,187.62,173.16,173.93,15753894.89,0.0001
2025-05-24,173.93,178.24,172.55,175.81,5725671.16,0.0001
2025-05-25,175.81,176.81,169.07,175.64,8334359.48,0.0001
2025-05-26,175.65,178.95,173.36,174.8,6470724.7,0.0001
2025-05-27,174.8,179.36,171.11,176.62,7710210.39,0.0001
2025-05-28,176.62,177.36,168.85,172.12,6982463.04,0.0001
2025-05-29,172.13,175.26,165.88,166.64,8358166.77,0.0001
2025-05-30,166.63,167.44,155.07,156.1,11400603.2,0.0001
2025-05-31,156.1,157.94,152.03,156.36,6600637.64,0.0001
2025-06-01,156.36,157.84,150.41,157.6,6897920.33,0.0001
2025-06-02,157.6,158.85,151.55,156.74,7988145.84,0.0001
2025-06-03,156.74,163.55,154.05,155.11,9461891.6,0.0001
2025-06-04,155.11,157.95,152.86,153.2,7126027.88,0.0001
2025-06-05,153.2,154.54,141.41,144.2,14295356.01,0.0001
2025-06-06,144.21,152.35,144.04,147.76,7542751.61,0.0001
2025-06-07,147.76,152.77,146.84,149.97,5170073.12,0.0001
2025-06-08,149.97,155.27,147.78,152.37,6148892.95,0.0001
2025-06-09,152.37,161.67,149.5,161.05,9679216.5,0.0001
2025-06-10,161.05,165.64,156.14,165.03,11531554.53,0.0001
2025-06-11,165.05,168.29,159.12,160.88,11381912.47,0.0001
2025-06-12,160.88,161.25,151.94,152.25,9584413.28,0.0001
2025-06-13,152.24,152.51,140.75,148.51,15660671.61,0.0001
2025-06-14,148.51,148.64,141.87,144.55,5120418.91,0.0001
2025-06-15,144.55,153.53,144.13,152.88,11035577.29,0.0001
2025-06-16,152.89,158.67,150.2,150.65,11833973.47,0.0001
2025-06-17,150.65,154.25,145.52,147.52,13704380.57,0.0001
2025-06-18,147.52,149.18,143.54,146.25,9821525.11,0.0001
2025-06-19,146.26,147.8,142.83,146.96,6991556.17,0.0001
2025-06-20,146.97,148.74,135.53,140.0,13685351.14,0.0001
2025-06-21,140.0,142.5,130.54,135.3,10402716.4,0.0001
2025-06-22,135.3,137.49,125.88,131.66,15257242.13,0.0001
2025-06-23,131.65,146.88,130.56,144.41,16340184.01,0.0001
2025-06-24,144.41,146.72,142.24,145.81,8512442.46,0.0001
2025-06-25,145.81,147.91,142.18,143.46,8353743.43,0.0001
2025-06-26,143.46,147.98,138.57,139.0,8918410.12,0.0001
2025-06-27,138.99,144.81,137.1,142.03,8352888.3,0.0001
2025-06-28,142.03,152.67,141.06,150.64,7948484.05,0.0001
2025-06-29,150.64,154.73,149.29,153.24,6726937.12,0.0001
2025-06-30,153.24,159.98,149.33,154.73,13084127.49,0.0001
2025-07-01,154.73,155.59,144.68,146.78,10377598.77,0.0001
2025-07-02,146.78,154.43,145.72,152.21,10048285.26,0.0001
2025-07-03,152.21,156.28,149.64,152.27,8166179.54,0.0001
2025-07-04,152.28,153.85,145.08,147.6,8813724.59,0.0001
2025-07-05,147.6,148.61,145.78,147.46,4501328.18,0.0001
2025-07-06,147.47,153.84,146.64,151.77,7094573.87,0.0001
2025-07-07,151.77,153.56,147.61,148.81,8314175.89,0.0001
2025-07-08,148.8,152.86,147.73,151.59,7019089.93,0.0001
2025-07-09,151.59,157.91,150.41,157.0,8534954.61,0.0001
2025-07-10,157.0,165.34,155.52,164.27,10234245.53,0.0001
2025-07-11,164.28,168.19,159.37,162.84,14306648.62,0.0001
2025-07-12,162.84,163.82,157.67,160.63,6566291.61,0.0001
2025-07-13,160.62,164.1,159.48,161.02,5645277.9,0.0001
2025-07-14,161.02,168.62,160.48,162.12,10243590.04,0.0001
2025-07-15,162.12,164.26,157.13,163.97,9854136.86,0.0001
2025-07-16,163.96,176.15,161.46,173.64,12180210.23,0.0001
2025-07-17,173.64,178.16,168.68,175.81,12049771.42,0.0001
2025-07-18,175.81,184.8,173.15,177.22,13202678.75,0.0001
2025-07-19,177.23,178.59,173.91,176.91,5967579.16,0.0001
2025-07-20,176.91,183.67,176.29,181.4,9491916.51,0.0001
2025-07-21,181.4,199.45,178.24,195.78,15878850.36,0.0001
2025-07-22,195.78,206.54,193.8,205.85,21815253.75,0.0001
2025-07-23,205.85,205.95,184.05,189.43,15931432.04,0.0001
2025-07-24,189.44,191.92,179.22,182.88,13761188.65,0.0001
2025-07-25,182.88,186.78,175.54,186.65,11587656.5,0.0001
2025-07-26,186.66,189.69,184.23,184.79,4852830.24,0.0001
2025-07-27,184.78,190.66,184.45,188.54,5796425.89,0.0001
2025-07-28,188.54,195.28,182.03,183.03,10007396.79,0.0001
2025-07-29,183.03,186.5,178.2,181.37,8068079.98,0.0001
2025-07-30,181.37,182.46,169.85,177.67,10168450.28,0.0001
2025-07-31,177.67,182.58,171.35,172.15,8854758.71,0.0001
2025-08-01,172.14,172.19,159.03,162.61,13982849.04,0.0001
2025-08-02,162.61,165.17,155.69,158.42,7856496.81,0.0001
2025-08-03,158.42,163.05,156.17,161.86,4942651.46,0.0001
2025-08-04,161.86,169.72,161.16,169.46,8253139.81,0.0001
2025-08-05,169.47,171.66,161.16,163.96,9091986.51,0.0001
2025-08-06,163.97,169.85,161.02,168.01,6605078.57,0.0001
2025-08-07,168.02,175.42,166.63,175.29,7832993.7,0.0001
2025-08-08,175.29,179.61,173.3,176.71,8190158.38,0.0001
2025-08-09,176.71,183.46,176.54,179.9,7346845.15,0.0001
2025-08-10,179.9,186.16,177.42,182.64,9450253.6,0.0001
2025-08-11,182.64,186.79,173.33,174.75,11598715.16,0.0001
2025-08-12,174.75,193.8,173.5,191.8,13928480.3,0.0001
2025-08-13,191.79,205.07,191.49,201.55,17155745.59,0.0001
2025-08-14,201.55,210.06,186.55,192.4,23682752.9,0.0001
2025-08-15,192.4,197.97,183.17,185.63,12332294.54,0.0001
2025-08-16,185.62,189.95,185.08,189.49,5927740.67,0.0001
2025-08-17,189.49,195.75,187.24,190.91,7007655.23,0.0001
2025-08-18,190.92,191.24,179.74,182.82,9889987.53,0.0001
2025-08-19,182.83,185.78,175.57,176.12,9678971.9,0.0001
2025-08-20,176.12,187.9,175.92,187.86,9617314.79,0.0001
2025-08-21,187.87,190.06,179.28,180.21,8775353.08,0.0001
2025-08-22,180.22,202.46,177.11,200.68,15885592.57,0.0001
2025-08-23,200.69,208.78,195.26,204.25,9648156.5,0.0001
2025-08-24,204.25,212.15,201.13,206.06,16138135.03,0.0001
2025-08-25,206.06,213.69,185.14,187.07,18847475.13,0.0001
2025-08-26,187.07,198.13,185.44,195.82,9734591.8,0.0001
2025-08-27,195.83,212.14,193.73,202.96,18342693.88,0.0001
2025-08-28,202.97,216.92,201.67,214.36,17237761.8,0.0001
2025-08-29,214.35,217.94,199.75,204.96,22283496.64,0.0001
2025-08-30,204.96,206.93,197.42,202.59,8711923.29,0.0001
2025-08-31,202.59,206.55,200.19,200.55,6903797.63,0.0001
2025-09-01,200.54,204.46,194.06,197.2,10263159.14,0.0001
2025-09-02,197.2,209.63,196.65,209.52,12939555.96,0.0001
2025-09-03,209.53,212.98,207.3,210.61,9879436.77,0.0001
2025-09-04,210.61,211.84,201.72,202.23,8784873.91,0.0001
2025-09-05,202.23,209.94,200.82,203.28,11423687.75,0.0001
2025-09-06,203.28,204.63,199.17,200.1,4255875.99,0.0001
2025-09-07,200.11,207.9,200.03,206.26,5212233.33,0.0001
2025-09-08,206.26,216.94,205.5,214.05,10971760.83,0.0001
2025-09-09,214.05,219.71,210.77,217.09,11834617.57,0.0001
2025-09-10,217.1,225.87,215.0,223.94,11667609.24,0.0001
2025-09-11,223.95,228.87,221.6,228.56,11552985.75,0.0001
2025-09-12,228.56,244.16,227.95,242.09,14357057.18,0.0001
2025-09-13,242.09,244.03,235.68,242.24,8173910.25,0.0001
2025-09-14,242.24,249.56,239.11,239.63,11604826.16,0.0001
2025-09-15,239.64,243.93,230.03,234.22,12488338.9,0.0001
2025-09-16,234.23,240.84,231.21,236.84,9196823.1,0.0001
2025-09-17,236.84,246.59,231.6,244.74,11594019.5,0.0001
2025-09-18,244.74,253.47,242.5,247.37,10457310.21,0.0001
2025-09-19,247.37,248.45,234.93,238.38,10118632.56,0.0001
2025-09-20,238.39,241.05,236.72,239.37,4050417.53,0.0001
2025-09-21,239.36,241.69,235.16,236.05,4148063.43,0.0001
2025-09-22,236.04,236.88,212.3,220.25,15954619.77,0.0001
2025-09-23,220.25,221.77,212.2,213.21,9341230.17,0.0001
2025-09-24,213.21,216.32,204.56,211.44,10883156.94,0.0001
2025-09-25,211.45,212.32,191.14,192.64,19449415.14,0.0001
2025-09-26,192.63,205.4,190.74,204.99,13806596.14,0.0001
2025-09-27,204.99,205.29,199.77,203.35,5710370.89,0.0001
2025-09-28,203.36,210.92,197.86,210.68,6987410.41,0.0001
2025-09-29,210.67,214.62,204.48,212.61,9346240.34,0.0001
2025-09-30,212.61,213.56,204.16,208.61,9267145.43,0.0001
2025-10-01,208.62,222.68,206.25,221.94,10615920.71,0.0001
2025-10-02,221.94,234.91,219.38,234.6,10904339.56,0.0001
2025-10-03,234.61,236.92,227.06,232.74,10979774.52,0.0001
2025-10-04,232.74,233.98,224.01,227.72,5375164.19,0.0001
2025-10-05,227.71,237.23,226.36,228.46,8534039.65,0.0001
2025-10-06,228.45,237.75,227.4,232.27,8414822.9,0.0001
2025-10-07,232.27,235.07,219.51,219.85,12546209.37,0.0001
2025-10-08,219.86,229.71,217.15,228.93,8721222.52,0.0001
2025-10-09,228.93,229.59,216.4,220.82,11171479.35,0.0001
2025-10-10,220.82,224.32,143.04,187.88,28423168.84,0.0001
2025-10-11,187.89,190.75,172.33,177.3,14848293.78,0.0001
2025-10-12,177.31,198.82,172.68,196.89,17791587.92,0.0001
2025-10-13,196.89,209.21,189.69,208.57,15419534.54,0.0001
2025-10-14,208.57,211.22,190.92,202.36,20872834.91,0.0001
2025-10-15,202.36,208.84,191.88,193.73,14692509.16,0.0001
2025-10-16,193.73,198.31,181.95,184.78,17128807.78,0.0001
2025-10-17,184.78,187.45,173.89,181.88,15999172.78,0.0001
2025-10-18,181.88,188.2,181.65,187.46,5860624.11,0.0001
2025-10-19,187.46,192.17,183.13,187.77,8339293.81,0.0001
2025-10-20,187.77,194.43,183.69,189.65,9620049.68,0.0001
2025-10-21,189.65,197.67,182.61,185.56,14536184.61,0.0001
2025-10-22,185.56,187.32,176.81,179.98,13182857.75,0.0001
2025-10-23,179.99,193.38,179.56,191.25,10519239.99,0.0001
2025-10-24,191.25,196.76,188.7,193.5,8836697.02,0.0001
2025-10-25,193.49,195.17,191.06,193.75,4071698.03,0.0001
2025-10-26,193.75,202.43,191.8,199.96,7462125.22,0.0001
2025-10-27,199.97,205.24,197.24,198.6,9479206.34,0.0001
2025-10-28,198.61,203.87,190.05,194.03,14079423.72,0.0001
2025-10-29,194.03,201.64,188.6,193.78,13836940.95,0.0001
2025-10-30,193.78,198.17,178.46,184.53,15094821.72,0.0001
2025-10-31,184.52,190.17,183.56,187.12,8340216.38,0.0001
2025-11-01,187.12,187.46,183.61,186.31,3884906.61,0.0001
2025-11-02,186.3,188.25,181.77,187.67,5868874.17,0.0001
2025-11-03,187.68,189.0,163.05,165.96,19460196.63,0.0001
2025-11-04,165.97,168.3,145.7,154.92,23767641.73,0.0001
2025-11-05,154.92,163.84,147.2,162.28,12067734.07,0.0001
2025-11-06,162.29,162.87,153.32,155.19,9004234.67,0.0001
2025-11-07,155.18,164.37,149.7,161.73,11160353.2,0.0001
2025-11-08,161.73,164.85,155.72,157.93,5731661.99,0.0001
2025-11-09,157.94,166.53,155.04,164.47,7210068.82,0.0001
2025-11-10,164.48,170.42,163.36,167.26,7979411.37,0.0001
2025-11-11,167.26,171.83,153.75,154.49,10550773.73,0.0001
2025-11-12,154.5,161.07,151.09,153.32,11598019.07,0.0001
2025-11-13,153.31,157.15,140.94,144.61,14911043.24,0.0001
2025-11-14,144.62,145.6,135.73,138.85,16032881.69,0.0001
2025-11-15,138.84,144.61,138.51,139.52,6008338.76,0.0001
2025-11-16,139.53,143.34,134.31,137.15,9633698.21,0.0001
2025-11-17,137.14,143.29,128.69,130.92,14824944.26,0.0001
2025-11-18,130.92,142.09,128.94,140.63,13205475.92,0.0001
2025-11-19,140.62,142.75,130.43,136.97,12870825.34,0.0001
2025-11-20,136.97,144.75,131.03,133.59,17516600.45,0.0001
2025-11-21,133.59,135.03,120.89,128.59,22769069.5,0.0001
2025-11-22,128.6,129.86,125.04,127.5,7052977.07,0.0001
2025-11-23,127.5,133.48,127.47,130.52,8378742.39,0.0001
2025-11-24,130.53,139.75,128.33,138.38,12586505.7,0.0001
2025-11-25,138.37,140.48,133.01,138.9,8939196.43,0.0001
2025-11-26,138.91,144.68,135.41,142.91,10184711.29,0.0001
2025-11-27,142.91,144.2,140.34,140.76,6050891.84,0.0001
2025-11-28,140.76,143.58,135.87,137.25,9342649.01,0.0001
2025-11-29,137.24,137.98,134.66,135.86,4474252.17,0.0001
2025-11-30,135.85,140.15,133.14,133.35,6739645.39,0.0001
2025-12-01,133.36,133.62,123.04,126.54,14078018.64,0.0001
2025-12-02,126.55,140.86,125.9,138.64,13319241.8,0.0001
2025-12-03,138.63,146.12,137.72,144.59,10934750.91,0.0001
2025-12-04,144.59,146.88,137.63,138.95,7853821.64,0.0001
2025-12-05,138.96,140.68,130.65,133.21,9941892.17,0.0001
2025-12-06,133.21,134.06,131.15,132.13,3764071.26,0.0001
2025-12-07,132.12,136.32,127.56,132.15,8431260.15,0.0001
2025-12-08,132.14,139.31,131.38,133.17,9968506.24,0.0001
2025-12-09,133.17,144.93,131.51,137.81,12139561.03,0.0001
2025-12-10,137.81,142.56,135.23,136.16,11949053.08,0.0001
2025-12-11,136.16,137.75,128.81,136.36,11448136.26,0.0001
2025-12-12,136.35,140.13,130.21,132.21,11133579.91,0.0001
2025-12-13,132.2,134.2,131.42,133.05,3786309.22,0.0001
2025-12-14,133.05,133.58,127.81,129.32,5440537.18,0.0001
2025-12-15,129.31,135.4,123.51,127.72,11953365.16,0.0001
2025-12-16,127.73,130.1,124.75,129.07,9253624.03,0.0001
2025-12-17,129.08,133.96,121.28,123.19,14482662.76,0.0001
2025-12-18,123.19,129.0,116.77,119.53,15082033.01,0.0001
2025-12-19,119.52,127.85,117.51,126.2,12033925.14,0.0001
2025-12-20,126.21,126.84,125.23,125.75,2756404.76,0.0001
2025-12-21,125.75,126.56,123.28,125.97,5072409.48,0.0001
2025-12-22,125.96,128.72,124.1,125.86,8895111.06,0.0001
2025-12-23,125.85,126.84,122.08,123.94,7496331.3,0.0001
2025-12-24,123.95,124.24,120.52,122.46,6120090.94,0.0001
2025-12-25,122.47,124.4,119.62,119.96,6050226.61,0.0001
2025-12-26,119.96,125.07,119.06,122.23,10088869.88,0.0001
2025-12-27,122.23,125.04,121.83,124.67,3954057.98,0.0001
2025-12-28,124.67,125.59,123.01,125.22,4026934.38,0.0001
2025-12-29,125.23,130.16,122.23,123.19,12051278.84,0.0001
2025-12-30,123.2,126.47,122.51,124.93,7967522.17,0.0001
2025-12-31,124.93,127.44,123.4,124.6,6811547.27,0.0001
2026-01-01,124.6,127.2,124.11,126.84,4588202.51,0.0001
2026-01-02,126.85,133.29,125.82,132.2,10042257.15,0.0001
2026-01-03,132.2,133.88,129.53,133.27,4741375.56,0.0001
2026-01-04,133.26,135.46,132.95,134.03,6277038.14,0.0001
2026-01-05,134.03,139.84,133.11,137.8,10658016.64,0.0001
2026-01-06,137.81,143.44,136.11,141.02,12814883.27,0.0001
2026-01-07,141.02,141.34,134.27,136.31,8598177.27,0.0001
2026-01-08,136.32,139.97,132.59,138.28,10956074.39,0.0001
2026-01-09,138.28,141.11,134.82,135.88,12529571.6,0.0001
2026-01-10,135.89,136.97,135.32,135.78,3030662.9,0.0001
2026-01-11,135.79,141.55,135.69,139.6,6785455.89,0.0001
2026-01-12,139.6,144.36,138.22,139.12,12922700.8,0.0001
2026-01-13,139.13,148.88,137.75,145.45,12799115.36,0.0001
2026-01-14,145.46,148.36,143.28,146.61,9925661.9,0.0001
2026-01-15,146.62,146.64,140.81,142.32,8325715.49,0.0001
2026-01-16,142.33,145.54,140.16,144.84,6603991.47,0.0001
2026-01-17,144.85,144.94,143.24,143.65,2886686.08,0.0001
2026-01-18,143.64,143.93,137.64,137.8,5740037.83,0.0001
2026-01-19,137.8,137.8,129.74,133.39,9022528.38,0.0001
2026-01-20,133.38,134.6,124.48,125.75,12126767.93,0.0001
2026-01-21,125.75,132.11,125.16,129.46,10825690.64,0.0001
2026-01-22,129.45,130.89,126.65,128.41,5487674.84,0.0001
2026-01-23,128.42,130.13,125.22,127.35,6722392.39,0.0001
2026-01-24,127.34,128.05,126.58,127.15,1682098.12,0.0001
2026-01-25,127.15,127.41,117.03,118.78,10069357.98,0.0001
2026-01-26,118.78,125.53,118.46,124.16,7743272.58,0.0001
2026-01-27,124.15,127.78,123.06,127.11,6485823.14,0.0001
2026-01-28,127.1,128.27,124.71,125.28,5325729.74,0.0001
2026-01-29,125.28,125.43,115.25,117.75,11391947.23,0.0001
2026-01-30,117.74,119.08,111.78,117.52,13758270.66,0.0001
2026-01-31,117.53,118.76,96.03,105.44,24129122.78,0.0001
2026-02-01,105.43,106.63,97.94,100.72,13697303.36,0.0001
2026-02-02,100.73,106.06,95.82,104.47,15525858.44,0.0001
2026-02-03,104.47,105.05,96.59,97.81,15387248.32,0.0001
2026-02-04,97.81,99.6,89.24,92.07,22553837.3,0.0001
2026-02-05,92.07,93.4,77.47,78.29,34042068.07,0.0001
2026-02-06,78.29,89.81,67.21,87.42,37939039.93,0.0001
2026-02-07,87.42,89.18,84.12,87.51,16694773.57,0.0001
2026-02-08,87.51,89.05,85.69,86.9,8343708.28,0.0001
2026-02-09,86.9,88.66,82.81,86.71,11542378.0,0.0001
2026-02-10,86.71,87.44,81.8,82.95,8951587.35,0.0001
2026-02-11,82.94,84.35,77.94,79.24,13174510.82,0.0001
2026-02-12,79.25,82.19,76.54,78.36,10996257.82,0.0001
2026-02-13,78.35,85.58,77.47,84.28,10667272.93,0.0001
2026-02-14,84.28,88.87,84.16,88.0,7593912.85,0.0001
2026-02-15,87.99,91.18,84.83,86.1,11182352.28,0.0001
2026-02-16,86.09,86.89,82.51,86.41,9441107.31,0.0001
2026-02-17,86.41,87.63,82.84,85.03,9455487.58,0.0001
2026-02-18,85.04,86.05,80.42,81.55,8679370.7,0.0001
2026-02-19,81.55,82.62,79.57,82.46,7497244.68,0.0001
2026-02-20,82.45,85.45,81.72,84.62,10758206.06,0.0001
2026-02-21,84.62,86.72,83.91,85.12,5098291.39,0.0001
2026-02-22,85.11,85.55,82.4,82.74,5437144.62,0.0001
2026-02-23,82.73,82.8,77.05,77.86,16549082.58,0.0001
2026-02-24,77.86,79.56,75.56,78.93,11631358.9,0.0001
2026-02-25,78.94,92.14,78.67,88.01,20803841.32,0.0001
2026-02-26,88.02,89.23,84.26,85.84,11018167.5,0.0001
2026-02-27,85.84,88.25,80.24,81.78,12532624.29,0.0001
2026-02-28,81.77,85.62,77.04,84.3,14922891.72,0.0001
2026-03-01,84.29,88.87,81.64,83.56,14152681.58,0.0001
2026-03-02,83.56,90.27,82.31,86.6,15433988.28,0.0001
2026-03-03,86.59,87.42,82.42,86.92,14424701.81,0.0001
2026-03-04,86.93,94.05,84.73,90.8,19267002.14,0.0001
2026-03-05,90.79,92.9,87.86,88.73,11044532.3,0.0001
2026-03-06,88.74,89.26,83.56,84.65,9857667.46,0.0001
2026-03-07,84.65,85.03,82.22,83.17,4709453.64,0.0001
2026-03-08,83.17,84.06,80.16,81.54,7765839.62,0.0001
2026-03-09,81.55,87.03,81.49,84.9,11464414.79,0.0001
2026-03-10,84.91,88.78,84.78,85.81,11721167.25,0.0001
2026-03-11,85.81,88.08,84.28,86.53,10686261.33,0.0001
2026-03-12,86.53,87.66,84.62,86.79,10517855.29,0.0001
2026-03-13,86.78,92.97,86.66,88.12,14860764.07,0.0001
2026-03-14,88.12,88.65,86.44,87.98,4530961.17,-1.42075416812e-05
2026-03-15,87.98,93.23,87.3,92.29,8155624.86,-7.642690515e-05
2026-03-16,92.29,97.63,91.14,96.14,13717432.44,0.0001
2026-03-17,96.14,96.94,93.08,94.55,8748575.33,0.0001
2026-03-18,94.55,95.59,88.46,90.02,10695592.26,-3.10913171666e-05
2026-03-19,90.02,91.37,86.88,88.84,8982570.91,-0.0001155539887008
2026-03-20,88.83,90.41,88.07,89.79,7009121.15,-6.2730746126e-06
2026-03-21,89.8,90.77,87.04,87.48,4305737.54,-1.6436882499e-05
2026-03-22,87.47,89.14,85.01,86.16,7599041.98,-9.45338484144e-05
2026-03-23,86.16,92.25,85.02,91.4,13937703.8,-7.7170014803e-05
2026-03-24,91.39,92.19,88.34,90.75,9978264.69,9.59672839313e-05
2026-03-25,90.76,93.45,90.66,91.66,8769359.67,-4.61804869474e-05
2026-03-26,91.65,91.94,85.37,86.48,9796373.07,7.18985767892e-05
2026-03-27,86.48,86.99,81.74,83.02,10254179.33,-0.0001170312447996
2026-03-28,83.02,84.25,81.6,82.02,6011956.11,-0.0003297652704093
2026-03-29,82.02,83.18,78.75,81.34,6899559.92,-0.0002480466685093
2026-03-30,81.35,84.97,81.06,82.51,10004520.58,-0.0002765581364682
2026-03-31,82.51,84.59,79.86,83.15,11878004.51,-5.81727768871e-05
2026-04-01,83.15,86.58,80.71,81.14,12955990.1,4.87284557413e-05
2026-04-02,81.13,81.74,76.63,78.89,13511671.56,3.38587410528e-05
2026-04-03,78.9,80.89,78.81,80.33,7190306.35,-1.2156936219e-05
2026-04-04,80.34,81.62,79.48,80.79,4706052.53,5.0080345542e-06
2026-04-05,80.8,82.08,78.46,81.85,7296521.98,0.0001
2026-04-06,81.86,83.17,79.53,79.95,9171946.66,8.0943885594e-06
2026-04-07,79.95,87.14,78.31,85.51,14256718.04,-6.32073358605e-05
2026-04-08,85.51,85.86,82.17,82.52,8240984.98,0.0001
2026-04-09,82.52,85.91,81.37,83.29,9240186.98,9.72065799466e-05
2026-04-10,83.29,85.64,82.56,84.77,7642703.61,0.0001
2026-04-11,84.78,86.24,83.71,84.88,6246647.19,4.75282598611e-05
2026-04-12,84.88,84.96,81.22,81.49,7868738.6,0.0001
2026-04-13,81.49,86.8,81.36,86.51,9667896.53,1.88237354155e-05
2026-04-14,86.51,87.64,83.22,83.65,10070765.97,0.0001
2026-04-15,83.66,85.81,82.59,84.85,8078844.43,-4.93099004522e-05
2026-04-16,84.86,90.47,83.74,89.01,11718320.22,0.0001
2026-04-17,89.02,90.74,87.31,88.71,11588086.18,0.0001
2026-04-18,88.71,89.11,85.72,86.1,5823158.74,4.16714653681e-05
2026-04-19,86.1,87.08,82.88,83.43,9116028.39,-9.94132745816e-05
2026-04-20,83.43,86.19,83.29,85.25,6804993.1,6.32151493936e-05
2026-04-21,85.25,86.85,84.24,85.99,7025588.63,0.0001
2026-04-22,85.99,89.28,85.97,86.82,8472282.71,4.54663905294e-05
2026-04-23,86.83,87.11,84.4,86.07,7895952.72,4.27321956539e-05
2026-04-24,86.07,86.9,84.86,86.14,5824596.38,-6.44874559009e-05
2026-04-25,86.13,86.78,85.46,86.12,3331259.4,2.79688659014e-05
2026-04-26,86.13,87.27,85.78,86.86,4801501.0,-0.0001182836313724
2026-04-27,86.87,88.06,83.56,84.76,8891377.17,1.44868634631e-05
2026-04-28,84.77,84.89,82.9,84.01,5299171.69,-4.1223324155e-05
2026-04-29,84.0,85.56,81.34,83.02,8650182.72,2.36983266204e-05
2026-04-30,83.02,83.98,82.11,83.04,4184097.79,2.681439129e-07
2026-05-01,83.04,84.82,83.02,83.71,5296778.28,0.0001
2026-05-02,83.71,84.95,83.38,84.24,3465450.36,3.06791540604e-05
2026-05-03,84.24,84.96,83.52,83.87,3440633.96,6.90842105568e-05
2026-05-04,83.87,85.87,83.19,84.03,9939146.54,8.759853175e-05
2026-05-05,84.03,86.96,83.97,86.24,6640033.04,4.6842810689e-06
2026-05-06,86.24,90.04,86.06,89.11,9260815.22,0.0001
2026-05-07,89.12,90.39,87.6,88.39,9281768.01,6.26240028426e-05
2026-05-08,88.4,92.76,87.56,91.96,9621677.5,8.76292813605e-05
2026-05-09,91.96,94.12,91.8,93.06,7039159.22,2.92942166794e-05
2026-05-10,93.06,96.92,92.53,96.43,12124757.69,-8.27350481e-06
2026-05-11,96.42,98.36,94.23,97.3,10970053.3,1.82816853559e-05
2026-05-12,97.3,97.61,93.55,94.24,9114115.82,-7.89594000135e-05
2026-05-13,94.24,95.93,90.23,91.11,10391822.97,0.0001
2026-05-14,91.11,93.62,89.76,92.11,8246476.01,-9.06433303196e-05
2026-05-15,92.1,92.61,88.47,89.19,7509408.02,4.67324241017e-05
2026-05-16,89.19,89.4,85.47,86.49,5821294.24,0.0001
2026-05-17,86.49,87.24,83.29,85.17,6123201.14,-6.00329344376e-05
2026-05-18,85.17,85.75,83.42,85.34,7056130.66,-4.52776657595e-05
2026-05-19,85.34,85.95,83.62,84.24,4375767.06,2.7196457492e-05
2026-05-20,84.25,87.03,83.79,86.1,6002914.44,5.52814497468e-05
2026-05-21,86.1,87.97,85.26,87.3,7330606.16,-2.76605571374e-05
2026-05-22,87.29,87.82,83.9,84.34,6731011.92,5.50922645142e-05
2026-05-23,84.35,87.5,81.35,85.71,9558608.29,8.90863905547e-05
2026-05-24,85.72,87.0,83.57,85.22,5418105.1,2.49262385689e-05
2026-05-25,85.22,86.48,84.64,84.99,3980055.08,-1.87303335579e-05
2026-05-26,85.0,86.1,83.08,83.66,6659376.04,1.90222542481e-05
2026-05-27,83.66,84.78,82.06,82.38,5967098.18,-7.88369318e-05
2026-05-28,82.37,82.97,79.93,82.08,7645813.33,-2.03792577147e-05
2026-05-29,82.07,83.2,80.3,81.99,5338478.47,2.66835209223e-05
2026-05-30,81.98,83.14,81.82,82.69,2654214.82,9.82294306469e-05
2026-05-31,82.69,83.39,81.29,82.4,3416089.86,3.74332240856e-05
2026-06-01,82.41,83.08,79.06,81.24,7662187.62,7.74208700977e-05
2026-06-02,81.24,81.26,72.65,74.18,11924379.56,0.0001
2026-06-03,74.18,75.66,70.81,71.57,12913893.53,-0.0001169560077223
2026-06-04,71.58,72.06,66.59,68.81,17491340.35,2.34639082623e-05
2026-06-05,68.81,69.06,61.39,63.6,23112897.7,-2.17913772073e-05
2026-06-06,63.6,64.82,60.02,62.15,13472448.7,-7.57049242743e-05
2026-06-07,62.16,67.9,61.91,66.46,12746466.58,-6.96513456342e-05
2026-06-08,66.45,68.14,64.92,66.79,10104467.68,-0.0002693748678384
2026-06-09,66.78,67.44,63.51,64.92,11616897.08,-8.69241579033e-05
2026-06-10,64.93,65.79,62.29,63.16,10513771.9,7.17267686131e-05
2026-06-11,63.15,67.35,63.15,66.88,10389013.07,-5.90174656933e-05
2026-06-12,66.87,68.76,65.89,66.77,8062124.6,-9.68114599367e-05
2026-06-13,66.77,69.56,66.46,68.88,5116006.04,-6.58435402433e-05
