timestamp,ret,equity,drawdown,benchmark_equity,active_ret
2023-01-01,0.0,1000000.0,0.0,1000000.0,0.0
2023-01-02,0.0,1000000.0,0.0,1003502.8377800917,-0.003502837780091639
2023-01-03,0.0,1000000.0,0.0,1003713.4895366264,-0.0002099164532516351
2023-01-04,0.0,1000000.0,0.0,1014258.114606593,-0.010505612587546898
2023-01-05,0.0,1000000.0,0.0,1013084.4833916137,0.001157132684547868
2023-01-06,0.0,1000000.0,0.0,1020192.4755192567,-0.007016188920243582
2023-01-07,0.0,1000000.0,0.0,1019885.5258168775,0.0003008743053342089
2023-01-08,0.0,1000000.0,0.0,1030947.7523457578,-0.010846537428815806
2023-01-09,0.0,1000000.0,0.0,1034071.4169640868,-0.0030298961428663063
2023-01-10,0.0,1000000.0,0.0,1049587.4234882728,-0.015004772658487209
2023-01-11,0.0,1000000.0,0.0,1080053.6861048082,-0.029026893743907323
2023-01-12,0.0,1000000.0,0.0,1134161.0944261544,-0.05009696186166779
2023-01-13,0.0,1000000.0,0.0,1199414.989978995,-0.05753494443913776
2023-01-14,0.0,1000000.0,0.0,1260943.3587519785,-0.05129864916400706
2023-01-15,0.0,1000000.0,0.0,1256351.1504595215,0.0036418830874386243
2023-01-16,0.0,1000000.0,0.0,1274972.7657371906,-0.014821982907293085
2023-01-17,0.0,1000000.0,0.0,1271463.9093354838,0.002752103022120589
2023-01-18,0.0,1000000.0,0.0,1244301.8699857357,0.021362807980876197
2023-01-19,0.0,1000000.0,0.0,1268286.0771226175,-0.019275231931586312
2023-01-20,0.0,1000000.0,0.0,1364156.700832375,-0.07559069317173384
2023-01-21,0.0,1000000.0,0.0,1370981.8177441,-0.005003176620076211
2023-01-22,0.0,1000000.0,0.0,1366738.6895053294,0.0030949558804161947
2023-01-23,0.0,1000000.0,0.0,1379155.1058976473,-0.00908470396547556
2023-01-24,0.0,1000000.0,0.0,1361989.9970508753,0.012446104700892024
2023-01-25,0.0,1000000.0,0.0,1387448.7664835,-0.018692332166719616
2023-01-26,0.0,1000000.0,0.0,1384884.8336753915,0.0018479477369146569
2023-01-27,0.0,1000000.0,0.0,1388784.9004820916,-0.002816166883963467
2023-01-28,0.0,1000000.0,0.0,1385793.6455392984,0.0021538648222303447
2023-01-29,0.0,1000000.0,0.0,1428820.7714669188,-0.03104872508697043
2023-01-30,0.0,1000000.0,0.0,1373756.4023087434,0.038538331929233394
2023-01-31,0.0,1000000.0,0.0,1391962.7326949583,-0.013252953984867588
2023-02-01,0.0,1000000.0,0.0,1428140.6672243925,-0.025990591328110213
2023-02-02,0.0,1000000.0,0.0,1413641.8077531885,0.010152262871543805
2023-02-03,-0.003508425559355044,996491.5744406449,-0.0035084255593550626,1410235.2679189413,-0.0010986638958532247
2023-02-04,-0.0007951804550947461,995699.1838169831,-0.004300816183016868,1403825.4358986707,0.0037500413005131517
2023-02-05,0.0,995699.1838169831,-0.004300816183016868,1380256.513653243,0.016789069098423703
2023-02-06,0.0,995699.1838169831,-0.004300816183016868,1369940.596204657,0.007473913252024289
2023-02-07,0.0,995699.1838169831,-0.004300816183016868,1399094.799309062,-0.021281362991340647
2023-02-08,0.0,995699.1838169831,-0.004300816183016868,1381875.522867753,0.012307440818029591
2023-02-09,0.0,995699.1838169831,-0.004300816183016868,1311758.581049768,0.05074041811846686
2023-02-10,0.0,995699.1838169831,-0.004300816183016868,1301725.5388171,0.007648543243863326
2023-02-11,0.0,995699.1838169831,-0.004300816183016868,1315441.977478318,-0.010537120346952866
2023-02-12,0.0,995699.1838169831,-0.004300816183016868,1311126.6257801638,0.003280533670079966
2023-02-13,0.0,995699.1838169831,-0.004300816183016868,1310663.191915787,0.0003534623241295831
2023-02-14,-0.02033216195866605,975454.4667495047,-0.024545533250495327,1336007.6075377215,-0.03966925464446014
2023-02-15,-0.0006003366761377915,974868.8656572126,-0.025131134342787437,1464258.4155376733,-0.09659590382438155
2023-02-16,0.0,974868.8656572126,-0.025131134342787437,1415110.3514273157,0.033565157344381924
2023-02-17,0.0,974868.8656572126,-0.025131134342787437,1478883.6660627977,-0.045065965753948944
2023-02-18,0.0,974868.8656572126,-0.025131134342787437,1482609.1928426547,-0.002519147966367985
2023-02-19,0.0,974868.8656572126,-0.025131134342787437,1461080.5833248063,0.014520758148390267
2023-02-20,0.0,974868.8656572126,-0.025131134342787437,1495212.1865050457,-0.02336052067885963
2023-02-21,0.0,974868.8656572126,-0.025131134342787437,1471552.9849353894,0.015823307075203963
2023-02-22,-0.011622568379215825,963538.385605343,-0.03646161439465696,1455904.5687356675,-0.000988621548949964
2023-02-23,-0.0007988613475399253,962768.6520322119,-0.03723134796778811,1440785.7912380903,0.009585595039396821
2023-02-24,0.0,962768.6520322119,-0.03723134796778811,1395724.3712045061,0.031275586077831874
2023-02-25,0.0,962768.6520322119,-0.03723134796778811,1393744.24469308,0.0014187088455849262
2023-02-26,0.0,962768.6520322119,-0.03723134796778811,1417830.768397421,-0.01728188209282644
2023-02-27,0.0,962768.6520322119,-0.03723134796778811,1413846.4408881073,0.0028101573178703765
2023-02-28,0.0,962768.6520322119,-0.03723134796778811,1392468.296910641,0.015120555782590972
2023-03-01,0.0,962768.6520322119,-0.03723134796778811,1422344.7346088795,-0.02145573997233763
2023-03-02,0.0,962768.6520322119,-0.03723134796778811,1412329.7482410576,0.00704118075184923
2023-03-03,0.0,962768.6520322119,-0.03723134796778811,1345432.7689872463,0.04736640245461521
2023-03-04,0.0,962768.6520322119,-0.03723134796778811,1345143.875149713,0.00021472186808024762
2023-03-05,0.0,962768.6520322119,-0.03723134796778811,1349832.3813880142,-0.00348550539828274
2023-03-06,0.0,962768.6520322119,-0.03723134796778811,1348724.9550108032,0.0008204176996200463
2023-03-07,0.0,962768.6520322119,-0.03723134796778811,1336224.2779158715,0.009268514717169718
2023-03-08,0.0,962768.6520322119,-0.03723134796778811,1306444.1381634776,0.022286782424610907
2023-03-09,0.0,962768.6520322119,-0.03723134796778811,1225824.7016268333,0.061709057572086
2023-03-10,0.0,962768.6520322119,-0.03723134796778811,1212908.7396404473,0.01053654896107481
2023-03-11,0.0,962768.6520322119,-0.03723134796778811,1231090.9955402012,-0.014990621557516182
2023-03-12,0.0,962768.6520322119,-0.03723134796778811,1323807.8615235535,-0.07531276430355849
2023-03-13,0.0,962768.6520322119,-0.03723134796778811,1451450.7887403623,-0.09642103731723273
2023-03-14,0.0,962768.6520322119,-0.03723134796778811,1485155.0697859172,-0.023221098026206644
2023-03-15,0.0,962768.6520322119,-0.03723134796778811,1461315.3095678026,0.016052034365375167
2023-03-16,0.0,962768.6520322119,-0.03723134796778811,1504980.4093866423,-0.02988068319886006
2023-03-17,0.0,962768.6520322119,-0.03723134796778811,1648837.503235009,-0.09558735313172351
2023-03-18,0.0,962768.6520322119,-0.03723134796778811,1619310.1455904571,0.017907985223904466
2023-03-19,0.0,962768.6520322119,-0.03723134796778811,1683203.8326582445,-0.0394573499349562
2023-03-20,0.0,962768.6520322119,-0.03723134796778811,1668271.6324307409,0.008871296475080892
2023-03-21,0.0,962768.6520322119,-0.03723134796778811,1691762.3125951698,-0.014080848530764634
2023-03-22,0.0,962768.6520322119,-0.03723134796778811,1640050.315676704,0.030566939890710354
2023-03-23,0.0,962768.6520322119,-0.03723134796778811,1702890.7439618183,-0.038316158769303055
2023-03-24,0.0,962768.6520322119,-0.03723134796778811,1652256.0803124874,0.029734534543025437
2023-03-25,0.0,962768.6520322119,-0.03723134796778811,1652857.9424740155,-0.00036426687648449807
2023-03-26,0.0,962768.6520322119,-0.03723134796778811,1683402.4471715495,-0.018479812398042306
2023-03-27,0.0,962768.6520322119,-0.03723134796778811,1632671.4855763742,0.030135967593734714
2023-03-28,0.0,962768.6520322119,-0.03723134796778811,1641013.2951351488,-0.005109300696722663
2023-03-29,0.0,962768.6520322119,-0.03723134796778811,1706237.0975799127,-0.03974605363535
2023-03-30,0.0,962768.6520322119,-0.03723134796778811,1686851.1173571034,0.011361832567294394
2023-03-31,0.0,962768.6520322119,-0.03723134796778811,1713278.8848697876,-0.015666923559970236
2023-04-01,0.0,962768.6520322119,-0.03723134796778811,1712719.1530595666,0.0003267021003783288
2023-04-02,0.0,962768.6520322119,-0.03723134796778811,1695361.448321106,0.010134589029061392
2023-04-03,0.0,962768.6520322119,-0.03723134796778811,1673236.9952633455,0.01304999183487987
2023-04-04,0.0,962768.6520322119,-0.03723134796778811,1695373.4855643366,-0.013229739937412388
2023-04-05,0.0,962768.6520322119,-0.03723134796778811,1695415.615915644,-2.485018886155821e-05
2023-04-06,0.0,962768.6520322119,-0.03723134796778811,1687308.532599865,0.004781767514510427
2023-04-07,0.0,962768.6520322119,-0.03723134796778811,1679592.6596890788,0.004572887982079443
2023-04-08,0.0,962768.6520322119,-0.03723134796778811,1681602.8793085816,-0.0011968494908014549
2023-04-09,0.0,962768.6520322119,-0.03723134796778811,1704407.436608869,-0.013561202576950704
2023-04-10,0.0,962768.6520322119,-0.03723134796778811,1783672.683282076,-0.046506043666950436
2023-04-11,0.0,962768.6520322119,-0.03723134796778811,1817569.5602193195,-0.019003978283095746
2023-04-12,0.0,962768.6520322119,-0.03723134796778811,1798809.5166444993,0.010321499647340415
2023-04-13,0.0,962768.6520322119,-0.03723134796778811,1828493.3584510486,-0.01650193727122451
2023-04-14,0.0,962768.6520322119,-0.03723134796778811,1833729.5592563401,-0.0028636695786126154
2023-04-15,0.0,962768.6520322119,-0.03723134796778811,1823287.2507538334,0.005694573908020306
2023-04-16,0.0,962768.6520322119,-0.03723134796778811,1824153.9322664335,-0.0004753400827224308
2023-04-17,0.0,962768.6520322119,-0.03723134796778811,1771147.931700683,0.029057855057162185
2023-04-18,0.0,962768.6520322119,-0.03723134796778811,1828469.2839645876,-0.03236395517164037
2023-04-19,0.0,962768.6520322119,-0.03723134796778811,1733621.8259294268,0.0518726012336983
2023-04-20,0.0,962768.6520322119,-0.03723134796778811,1699989.768343255,0.019399881267727404
2023-04-21,0.0,962768.6520322119,-0.03723134796778811,1640700.3268111546,0.03487635198527195
2023-04-22,0.0,962768.6520322119,-0.03723134796778811,1673862.9319113344,-0.020212469369488284
2023-04-23,0.0,962768.6520322119,-0.03723134796778811,1660429.3684660348,0.008025485951803968
2023-04-24,0.0,962768.6520322119,-0.03723134796778811,1655608.452552197,0.0029034152282498837
2023-04-25,0.0,962768.6520322119,-0.03723134796778811,1703059.2653670462,-0.02866064904519039
2023-04-26,0.0,962768.6520322119,-0.03723134796778811,1710058.922305614,-0.004110048945982658
2023-04-27,0.0,962768.6520322119,-0.03723134796778811,1773886.4045356337,-0.037324726883658066
2023-04-28,0.0,962768.6520322119,-0.03723134796778811,1764064.0140595005,0.005537215038696086
2023-04-29,0.0,962768.6520322119,-0.03723134796778811,1759176.8933078954,0.0027703760819648426
2023-04-30,0.0,962768.6520322119,-0.03723134796778811,1759832.9230639602,-0.0003729185840040117
2023-05-01,0.0,962768.6520322119,-0.03723134796778811,1689613.6646785156,0.03990109371473127
2023-05-02,0.0,962768.6520322119,-0.03723134796778811,1725298.0722354972,-0.02111986207437022
2023-05-03,0.0,962768.6520322119,-0.03723134796778811,1747434.5625364885,-0.01283053094258002
2023-05-04,0.0,962768.6520322119,-0.03723134796778811,1735890.846278386,0.006606093587473882
2023-05-05,0.0,962768.6520322119,-0.03723134796778811,1775962.8289929049,-0.023084390818944645
2023-05-06,0.0,962768.6520322119,-0.03723134796778811,1736276.0380617639,0.022346633771409552
2023-05-07,0.0,962768.6520322119,-0.03723134796778811,1710805.2313859088,0.014669791045603953
2023-05-08,0.0,962768.6520322119,-0.03723134796778811,1665117.8747043358,0.026705177096379318
2023-05-09,0.0,962768.6520322119,-0.03723134796778811,1662884.966085068,0.0013409913215088887
2023-05-10,0.0,962768.6520322119,-0.03723134796778811,1661067.342357254,0.0010930543993630248
2023-05-11,0.0,962768.6520322119,-0.03723134796778811,1623101.8772080822,0.02285606620577707
2023-05-12,0.0,962768.6520322119,-0.03723134796778811,1612629.475597499,0.006452091367546764
2023-05-13,-0.0001376166866973172,962636.1590002632,-0.0373638409997368,1611239.1740043699,0.0007245166267310088
2023-05-14,-0.0006626248628003317,961998.292347479,-0.03800170765252097,1619954.1381032919,-0.006071482988601051
2023-05-15,0.0,961998.292347479,-0.03800170765252097,1634934.4873037178,-0.009247390927971333
2023-05-16,0.0,961998.292347479,-0.03800170765252097,1627074.167474165,0.0048077277044388245
2023-05-17,0.0,961998.292347479,-0.03800170765252097,1649421.309531691,-0.013734556484426896
2023-05-18,0.0,961998.292347479,-0.03800170765252097,1614110.0565148566,0.021408267743830645
2023-05-19,0.0,961998.292347479,-0.03800170765252097,1618124.4771322468,-0.002487079862483421
2023-05-20,0.0,961998.292347479,-0.03800170765252097,1631323.3143345506,-0.008156873830680755
2023-05-21,0.0,961998.292347479,-0.03800170765252097,1609716.4627357037,0.013244984246216562
2023-05-22,0.0,961998.292347479,-0.03800170765252097,1615855.4567832868,-0.0038137114142138273
2023-05-23,0.0,961998.292347479,-0.03800170765252097,1638593.8092458062,-0.014072021335240548
2023-05-24,0.0,961998.292347479,-0.03800170765252097,1584570.6616270735,0.032969212573552675
2023-05-25,0.0,961998.292347479,-0.03800170765252097,1593297.6629692265,-0.005507486383214744
2023-05-26,0.0,961998.292347479,-0.03800170765252097,1607230.7720085941,-0.008744824876854684
2023-05-27,0.0,961998.292347479,-0.03800170765252097,1616324.9092692786,-0.005658264773837907
2023-05-28,0.0,961998.292347479,-0.03800170765252097,1689378.9384355189,-0.04519761388770971
2023-05-29,0.0,961998.292347479,-0.03800170765252097,1669409.1519160275,0.011820785772305609
2023-05-30,-0.0024795231302394694,959612.9953303526,-0.04038700466964743,1666935.4984321482,-0.000997769252803149
2023-05-31,-0.0007945359123746609,958850.5483435811,-0.04114945165641885,1637666.941517053,0.016763766099085364
2023-06-01,0.0,958850.5483435811,-0.04114945165641885,1614085.982028395,0.014399117971334086
2023-06-02,0.0,958850.5483435811,-0.04114945165641885,1639562.8073258654,-0.015784057095554527
2023-06-03,0.0,958850.5483435811,-0.04114945165641885,1629192.7222827422,0.00632490868711344
2023-06-04,0.0,958850.5483435811,-0.04114945165641885,1632135.8282526126,-0.001806481166787277
2023-06-05,0.0,958850.5483435811,-0.04114945165641885,1548458.9319354075,0.05126834107109268
2023-06-06,0.0,958850.5483435811,-0.04114945165641885,1639165.5782992572,-0.05857865810524032
2023-06-07,0.0,958850.5483435811,-0.04114945165641885,1585316.9707073679,0.03285123132451384
2023-06-08,0.0,958850.5483435811,-0.04114945165641885,1594982.8770215036,-0.006097144288957468
2023-06-09,0.0,958850.5483435811,-0.04114945165641885,1593905.5437523688,0.0006754513071303148
2023-06-10,0.0,958850.5483435811,-0.04114945165641885,1555187.7509012872,0.024291146362369842
2023-06-11,0.0,958850.5483435811,-0.04114945165641885,1560580.4358685762,-0.0034675459372437434
2023-06-12,0.0,958850.5483435811,-0.04114945165641885,1559105.8735728331,0.0009448806750690375
2023-06-13,0.0,958850.5483435811,-0.04114945165641885,1561116.0931923357,-0.0012893413164405398
2023-06-14,0.0,958850.5483435811,-0.04114945165641885,1512425.4443247395,0.031189639950497505
2023-06-15,0.0,958850.5483435811,-0.04114945165641885,1540616.6679707,-0.018639744360124277
2023-06-16,0.0,958850.5483435811,-0.04114945165641885,1585654.0135178228,-0.029233323566754565
2023-06-17,0.0,958850.5483435811,-0.04114945165641885,1595867.614398949,-0.006441254393489748
2023-06-18,0.0,958850.5483435811,-0.04114945165641885,1585635.9576529772,0.006411344308046241
2023-06-19,0.0,958850.5483435811,-0.04114945165641885,1615704.9912429044,-0.018963390332314756
2023-06-20,0.0,958850.5483435811,-0.04114945165641885,1703468.5316368835,-0.05431903773873081
2023-06-21,0.0,958850.5483435811,-0.04114945165641885,1805472.1307726095,-0.059879943328163154
2023-06-22,0.0,958850.5483435811,-0.04114945165641885,1798845.628374189,0.0036702324480549775
2023-06-23,0.0,958850.5483435811,-0.04114945165641885,1847127.0109719462,-0.026840203426124143
2023-06-24,0.0,958850.5483435811,-0.04114945165641885,1837485.1791442714,0.005219907331982188
2023-06-25,0.0,958850.5483435811,-0.04114945165641885,1833723.5406347227,0.0020471667212578204
2023-06-26,0.0,958850.5483435811,-0.04114945165641885,1821692.3160257826,0.00656108968573077
2023-06-27,0.0,958850.5483435811,-0.04114945165641885,1847289.5137555585,-0.014051328813649011
2023-06-28,0.0,958850.5483435811,-0.04114945165641885,1809980.078362452,0.020196853343933063
2023-06-29,0.0,958850.5483435811,-0.04114945165641885,1832880.9336085834,-0.01265254547268313
2023-06-30,0.0,958850.5483435811,-0.04114945165641885,1834205.0303639446,-0.0007224128589489176
2023-07-01,0.0,958850.5483435811,-0.04114945165641885,1840981.998302747,-0.003694771209660219
2023-07-02,0.0,958850.5483435811,-0.04114945165641885,1842637.1192469485,-0.0008990424380723727
2023-07-03,0.0,958850.5483435811,-0.04114945165641885,1875462.681536673,-0.017814447536550038
2023-07-04,0.0,958850.5483435811,-0.04114945165641885,1851683.107534711,0.012679310676807498
2023-07-05,0.0,958850.5483435811,-0.04114945165641885,1835980.5237404513,0.008480167978183739
2023-07-06,0.0,958850.5483435811,-0.04114945165641885,1799146.5594549521,0.020062284871332547
2023-07-07,0.0,958850.5483435811,-0.04114945165641885,1826338.6919127763,-0.015113906265680876
2023-07-08,0.0,958850.5483435811,-0.04114945165641885,1822817.798267839,0.0019278426616751165
2023-07-09,0.0,958850.5483435811,-0.04114945165641885,1815384.800572971,0.0040777513265073395
2023-07-10,0.0,958850.5483435811,-0.04114945165641885,1830515.6153137793,-0.008334769981566792
2023-07-11,0.0,958850.5483435811,-0.04114945165641885,1843022.3110303264,-0.006832334896199832
2023-07-12,0.0,958850.5483435811,-0.04114945165641885,1828547.5260455834,0.007853830579322096
2023-07-13,0.0,958850.5483435811,-0.04114945165641885,1893127.3359775126,-0.03531754521666142
2023-07-14,0.0,958850.5483435811,-0.04114945165641885,1824250.230212275,0.03638271153571038
2023-07-15,0.0,958850.5483435811,-0.04114945165641885,1823148.8224566793,0.0006037591429919331
2023-07-16,0.0,958850.5483435811,-0.04114945165641885,1819507.556379436,0.0019972401772097026
2023-07-17,0.0,958850.5483435811,-0.04114945165641885,1813789.8658449224,0.003142438466093078
2023-07-18,0.0,958850.5483435811,-0.04114945165641885,1797040.0418896046,0.00923471029953904
2023-07-19,0.0,958850.5483435811,-0.04114945165641885,1800278.0603186241,-0.0018018621474982233
2023-07-20,0.0,958850.5483435811,-0.04114945165641885,1794048.7869468117,0.003460172908350545
2023-07-21,0.0,958850.5483435811,-0.04114945165641885,1799591.9374544825,-0.0030897434607140006
2023-07-22,0.0,958850.5483435811,-0.04114945165641885,1792796.913650834,0.0037758692191409704
2023-07-23,0.0,958850.5483435811,-0.04114945165641885,1810569.9032807488,-0.009913554343264686
2023-07-24,0.0,958850.5483435811,-0.04114945165641885,1756077.303176025,0.030096932466392667
2023-07-25,0.0,958850.5483435811,-0.04114945165641885,1759038.4650107413,-0.0016862366077854407
2023-07-26,0.0,958850.5483435811,-0.04114945165641885,1766531.6489217621,-0.0042598181108990385
2023-07-27,0.0,958850.5483435811,-0.04114945165641885,1758767.627038054,0.0043950652616085994
2023-07-28,0.0,958850.5483435811,-0.04114945165641885,1764346.8892754165,-0.003172256614001112
2023-07-29,0.0,958850.5483435811,-0.04114945165641885,1766591.835137915,-0.0012723948312798328
2023-07-30,0.0,958850.5483435811,-0.04114945165641885,1762378.8000072206,0.0023848378821277327
2023-07-31,0.0,958850.5483435811,-0.04114945165641885,1759441.7126589653,0.0016665471397201426
2023-08-01,0.0,958850.5483435811,-0.04114945165641885,1787957.9418721506,-0.016207544136310315
2023-08-02,0.01661839977739299,974785.1100827273,-0.025214889917272724,1756510.6439323248,0.03420678773852015
2023-08-03,-0.0005765512722087918,974223.0964873789,-0.025776903512621064,1756980.0964183167,-0.0008438155143092319
2023-08-04,0.0,974223.0964873789,-0.025776903512621064,1752195.292234171,0.002723311546840912
2023-08-05,0.0,974223.0964873789,-0.025776903512621064,1749733.6759935222,0.0014048755019253623
2023-08-06,0.0,974223.0964873789,-0.025776903512621064,1750624.4319925834,-0.0005090809025867227
2023-08-07,0.0,974223.0964873789,-0.025776903512621064,1758298.1745520625,-0.0043834316597219924
2023-08-08,0.0,974223.0964873789,-0.025776903512621064,1791936.2507598496,-0.019131041989710607
2023-08-09,0.0,974223.0964873789,-0.025776903512621064,1780543.0000421288,0.006358066986417277
2023-08-10,0.0,974223.0964873789,-0.025776903512621064,1772797.0340232663,0.004350339204770237
2023-08-11,0.0,974223.0964873789,-0.025776903512621064,1771256.2668897554,0.0008691164887694169
2023-08-12,0.0,974223.0964873789,-0.025776903512621064,1771286.359997832,-1.6989697447566954e-05
2023-08-13,0.0,974223.0964873789,-0.025776903512621064,1763576.5057086612,0.004352686535213923
2023-08-14,0.0,974223.0964873789,-0.025776903512621064,1771400.713808522,-0.004436557231588312
2023-08-15,0.0,974223.0964873789,-0.025776903512621064,1757521.7723636918,0.007835009513454727
2023-08-16,0.0,974223.0964873789,-0.025776903512621064,1729198.139042195,0.016115665687261638
2023-08-17,0.0,974223.0964873789,-0.025776903512621064,1602217.2602030667,0.07343338855862003
2023-08-18,0.0,974223.0964873789,-0.025776903512621064,1568187.9735902867,0.021238871567559547
2023-08-19,0.0,974223.0964873789,-0.025776903512621064,1570968.5767765448,-0.001773131303827169
2023-08-20,0.0,974223.0964873789,-0.025776903512621064,1576325.1500141423,-0.0034097265322698966
2023-08-21,0.0,974223.0964873789,-0.025776903512621064,1572551.474261363,0.0023939704018205443
2023-08-22,0.0,974223.0964873789,-0.025776903512621064,1568254.178428055,0.0027326900922760577
2023-08-23,0.0,974223.0964873789,-0.025776903512621064,1591088.8288364185,-0.014560554483108001
2023-08-24,0.0,974223.0964873789,-0.025776903512621064,1575669.1202580773,0.009691293345084784
2023-08-25,0.0,974223.0964873789,-0.025776903512621064,1568549.0908872038,0.004518733837791666
2023-08-26,0.0,974223.0964873789,-0.025776903512621064,1566177.7539707844,0.0015118028056603228
2023-08-27,0.0,974223.0964873789,-0.025776903512621064,1570980.6140197758,-0.0030666123540668
2023-08-28,0.0,974223.0964873789,-0.025776903512621064,1571829.2396675297,-0.0005401884913032173
2023-08-29,0.0,974223.0964873789,-0.025776903512621064,1668367.9303765835,-0.06141805246572041
2023-08-30,0.0,974223.0964873789,-0.025776903512621064,1643077.6823491869,0.015158675473753602
2023-08-31,0.0,974223.0964873789,-0.025776903512621064,1561146.1863004118,0.049864651518870096
2023-09-01,0.0,974223.0964873789,-0.025776903512621064,1553183.5499033998,0.005100506580925646
2023-09-02,0.0,974223.0964873789,-0.025776903512621064,1557059.5422236386,-0.0024955146611487233
2023-09-03,0.0,974223.0964873789,-0.025776903512621064,1563150.3872982997,-0.0039117611815684405
2023-09-04,0.0,974223.0964873789,-0.025776903512621064,1554447.4604426082,0.005567555704434457
2023-09-05,0.0,974223.0964873789,-0.025776903512621064,1552316.8683908,0.001370642692035129
2023-09-06,0.0,974223.0964873789,-0.025776903512621064,1550481.1887981403,0.0011825418057607173
2023-09-07,0.0,974223.0964873789,-0.025776903512621064,1580477.998928684,-0.019346774631813446
2023-09-08,0.0,974223.0964873789,-0.025776903512621064,1559743.8474640525,0.013118911796738741
2023-09-09,0.0,974223.0964873789,-0.025776903512621064,1559154.0225457554,0.0003781549895235381
2023-09-10,0.0,974223.0964873789,-0.025776903512621064,1555278.0302255165,0.002485958580224379
2023-09-11,0.0,974223.0964873789,-0.025776903512621064,1514616.2225927007,0.02614439787779932
2023-09-12,0.0,974223.0964873789,-0.025776903512621064,1555434.5143875137,-0.026949593689773677
2023-09-13,0.0,974223.0964873789,-0.025776903512621064,1578202.959958109,-0.014637996881251558
2023-09-14,0.0,974223.0964873789,-0.025776903512621064,1596607.904857628,-0.011661963236976547
2023-09-15,0.0,974223.0964873789,-0.025776903512621064,1601139.926933932,-0.0028385316535859406
2023-09-16,0.0,974223.0964873789,-0.025776903512621064,1598798.6831255888,0.001462235604121287
2023-09-17,0.0,974223.0964873789,-0.025776903512621064,1596637.9979657042,0.0013514429194179112
2023-09-18,0.0,974223.0964873789,-0.025776903512621064,1610601.2001131484,-0.008745377577907387
2023-09-19,0.0,974223.0964873789,-0.025776903512621064,1637660.922895437,-0.016801007462547313
2023-09-20,-0.0042852186715878204,970048.3374840191,-0.02995166251598089,1632268.2379281481,-0.0009922995502384957
2023-09-21,-0.0007978563039414688,969274.3783028296,-0.030725621697170427,1598913.0369362792,0.019637020891369872
2023-09-22,0.0,969274.3783028296,-0.030725621697170427,1599743.6067191877,-0.0005194590097907792
2023-09-23,0.0,969274.3783028296,-0.030725621697170427,1599520.9177194224,0.00013920293153857344
2023-09-24,0.0,969274.3783028296,-0.030725621697170427,1579797.8946861576,0.01233058149773103
2023-09-25,0.0,969274.3783028296,-0.030725621697170427,1583059.9876016383,-0.0020648798978990524
2023-09-26,0.0,969274.3783028296,-0.030725621697170427,1578100.6433906492,0.003132758233945654
2023-09-27,0.0,969274.3783028296,-0.030725621697170427,1587224.8737594106,-0.005781779766059314
2023-09-28,0.0,969274.3783028296,-0.030725621697170427,1626454.2494477904,-0.024715701181939886
2023-09-29,0.0,969274.3783028296,-0.030725621697170427,1619605.0580496045,0.004211118388673607
2023-09-30,0.0,969274.3783028296,-0.030725621697170427,1622722.7040463185,-0.0019249421216727125
2023-10-01,0.0,969274.3783028296,-0.030725621697170427,1684925.1584402134,-0.03833215264616108
2023-10-02,0.0,969274.3783028296,-0.030725621697170427,1654952.4227961306,0.01778876378807792
2023-10-03,-0.003513555878039143,965868.7786135109,-0.03413122138648911,1650655.1269628224,-0.0009169278577315643
2023-10-04,-0.0007975549161253204,965098.4452207957,-0.03490155477920431,1672093.4571564416,-0.013785325555450423
2023-10-05,0.0,965098.4452207957,-0.03490155477920431,1649704.1847476088,0.013389964725361692
2023-10-06,0.0,965098.4452207957,-0.03490155477920431,1681121.3895793585,-0.019044144472820212
2023-10-07,0.0,965098.4452207957,-0.03490155477920431,1682565.858767025,-0.0008592295574967324
2023-10-08,0.0,965098.4452207957,-0.03490155477920431,1680399.154985525,0.0012877378738016532
2023-10-09,0.0,965098.4452207957,-0.03490155477920431,1660417.3312228033,0.011891117478510016
2023-10-10,0.0,965098.4452207957,-0.03490155477920431,1648422.2183435548,0.007224155429897072
2023-10-11,0.0,965098.4452207957,-0.03490155477920431,1617739.2853488692,0.018613515793009516
2023-10-12,0.0,965098.4452207957,-0.03490155477920431,1610661.3863293023,0.004375179043785371
2023-10-13,0.0,965098.4452207957,-0.03490155477920431,1616896.6783227304,-0.0038712618594762827
2023-10-14,0.0,965098.4452207957,-0.03490155477920431,1616150.3692424358,0.00046156881283765383
2023-10-15,0.0,965098.4452207957,-0.03490155477920431,1634236.327196345,-0.011190764360860195
2023-10-16,0.0,965098.4452207957,-0.03490155477920431,1715523.830732285,-0.04974036018119543
2023-10-17,0.0,965098.4452207957,-0.03490155477920431,1708927.421441941,0.0038451283346664367
2023-10-18,0.0,965098.4452207957,-0.03490155477920431,1704594.013878941,0.002535746988800436
2023-10-19,0.0,965098.4452207957,-0.03490155477920431,1728415.7182322103,-0.01397500176541211
2023-10-20,0.0,965098.4452207957,-0.03490155477920431,1785592.623577348,-0.03308052845273668
2023-10-21,0.0,965098.4452207957,-0.03490155477920431,1800338.246534778,-0.008258111487875697
2023-10-22,0.0,965098.4452207957,-0.03490155477920431,1805261.4790160751,-0.0027346152817522285
2023-10-23,0.0,965098.4452207957,-0.03490155477920431,1990622.9875233972,-0.10267848212678299
2023-10-24,0.0,965098.4452207957,-0.03490155477920431,2041733.122280335,-0.02567544687129608
2023-10-25,0.0,965098.4452207957,-0.03490155477920431,2076057.3213522634,-0.016811305403907628
2023-10-26,0.0,965098.4452207957,-0.03490155477920431,2055551.8775090121,0.009877108706177196
2023-10-27,0.0,965098.4452207957,-0.03490155477920431,2039831.2378499068,0.007647892437604553
2023-10-28,0.0,965098.4452207957,-0.03490155477920431,2051104.1161353218,-0.005526377906290625
2023-10-29,0.0,965098.4452207957,-0.03490155477920431,2077796.7029990782,-0.013013764954092455
2023-10-30,0.0,965098.4452207957,-0.03490155477920431,2075377.2171097365,0.0011644478431646066
2023-10-31,0.0,965098.4452207957,-0.03490155477920431,2084766.2668295696,-0.0045240208104957436
2023-11-01,0.0,965098.4452207957,-0.03490155477920431,2131988.372023038,-0.022651030930811222
2023-11-02,0.0,965098.4452207957,-0.03490155477920431,2103141.1186210127,0.013530680458004762
2023-11-03,0.0,965098.4452207957,-0.03490155477920431,2089358.4751220264,0.006553361244738043
2023-11-04,0.0,965098.4452207957,-0.03490155477920431,2110429.669397114,-0.01008500672621837
2023-11-05,0.0,965098.4452207957,-0.03490155477920431,2107221.7440761705,0.0015200342221589613
2023-11-06,0.0,965098.4452207957,-0.03490155477920431,2109358.354749594,-0.001013946766366569
2023-11-07,0.0,965098.4452207957,-0.03490155477920431,2130580.0145650636,-0.010060718117282041
2023-11-08,0.0,965098.4452207957,-0.03490155477920431,2144152.006307515,-0.006370092486398304
2023-11-09,0.0,965098.4452207957,-0.03490155477920431,2208912.3748879028,-0.030203254428734727
2023-11-10,0.0,965098.4452207957,-0.03490155477920431,2245144.4770118743,-0.016402688733096582
2023-11-11,0.0,965098.4452207957,-0.03490155477920431,2234798.466455212,0.004608171395024119
2023-11-12,0.0,965098.4452207957,-0.03490155477920431,2230699.785135208,0.0018340272653333267
2023-11-13,0.0,965098.4452207957,-0.03490155477920431,2194985.2844701502,0.01601044699203802
2023-11-14,0.0,965098.4452207957,-0.03490155477920431,2139282.9414207553,0.025377091793506446
2023-11-15,0.0,965098.4452207957,-0.03490155477920431,2278463.5662740516,-0.0650594749102531
2023-11-16,0.0,965098.4452207957,-0.03490155477920431,2176496.078868017,0.04475273992323736
2023-11-17,0.0,965098.4452207957,-0.03490155477920431,2203417.3733531544,-0.012369098546292312
2023-11-18,0.0,965098.4452207957,-0.03490155477920431,2201365.0233823447,0.00093143949740504
2023-11-19,0.0,965098.4452207957,-0.03490155477920431,2248876.0224133474,-0.02158251745001505
2023-11-20,0.0,965098.4452207957,-0.03490155477920431,2253937.6831917963,-0.002250751365571846
2023-11-21,0.0,965098.4452207957,-0.03490155477920431,2150995.179084087,0.04567229381512128
2023-11-22,0.0,965098.4452207957,-0.03490155477920431,2251554.3090321464,-0.046750048966115454
2023-11-23,0.0,965098.4452207957,-0.03490155477920431,2244765.303850113,0.003015252687798453
2023-11-24,0.0,965098.4452207957,-0.03490155477920431,2270109.719472047,-0.01129045231519954
2023-11-25,0.0,965098.4452207957,-0.03490155477920431,2273883.3952248264,-0.0016623318777988505
2023-11-26,0.0,965098.4452207957,-0.03490155477920431,2253618.6962461863,0.008911934104095298
2023-11-27,0.0,965098.4452207957,-0.03490155477920431,2241593.490258862,0.005335954128954823
2023-11-28,0.0,965098.4452207957,-0.03490155477920431,2275995.931411789,-0.015347314891137609
2023-11-29,0.0,965098.4452207957,-0.03490155477920431,2278246.895895903,-0.0009890019806484407
2023-11-30,0.0,965098.4452207957,-0.03490155477920431,2270657.4140390377,0.0033312815527313244
2023-12-01,0.0,965098.4452207957,-0.03490155477920431,2328213.492545938,-0.02534775970652481
2023-12-02,0.0,965098.4452207957,-0.03490155477920431,2374352.245848657,-0.019817234738325196
2023-12-03,0.0,965098.4452207957,-0.03490155477920431,2405775.469302022,-0.013234440470366371
2023-12-04,0.0,965098.4452207957,-0.03490155477920431,2527050.694849867,-0.05041003497430707
2023-12-05,0.0,965098.4452207957,-0.03490155477920431,2652406.5458528707,-0.04960559408581666
2023-12-06,0.0,965098.4452207957,-0.03490155477920431,2633754.8374671247,0.007031994554118515
2023-12-07,0.0,965098.4452207957,-0.03490155477920431,2604450.168822338,0.011126574208011442
2023-12-08,0.0,965098.4452207957,-0.03490155477920431,2659014.9923864454,-0.02095061146390842
2023-12-09,-0.011394058080397174,954102.057482649,-0.04589794251735101,2631347.3888210137,-0.0009888502704930024
2023-12-10,-0.0007543511916285883,953382.3294586517,-0.046617670541348286,2635686.815005629,-0.0024034782521795695
2023-12-11,0.0,953382.3294586517,-0.046617670541348286,2482735.583896578,0.05803088221190067
2023-12-12,0.0,953382.3294586517,-0.046617670541348286,2497150.182665168,-0.005805933931138485
2023-12-13,0.0,953382.3294586517,-0.046617670541348286,2580159.0119830775,-0.03324142452229917
2023-12-14,0.0,953382.3294586517,-0.046617670541348286,2589542.043081296,-0.0036366096254689673
2023-12-15,0.0,953382.3294586517,-0.046617670541348286,2524155.737852919,0.025250142357439276
2023-12-16,0.0,953382.3294586517,-0.046617670541348286,2544251.915426331,-0.007961544239146745
2023-12-17,0.0,953382.3294586517,-0.046617670541348286,2490270.8981589056,0.021216852364393413
2023-12-18,0.0,953382.3294586517,-0.046617670541348286,2567176.8451589234,-0.030882562638818056
2023-12-19,0.0,953382.3294586517,-0.046617670541348286,2544613.032723247,0.0087893486879278
2023-12-20,0.0,953382.3294586517,-0.046617670541348286,2628338.078013375,-0.032902859575675736
2023-12-21,0.0,953382.3294586517,-0.046617670541348286,2639755.403217557,-0.004343933263262656
2023-12-22,0.0,953382.3294586517,-0.046617670541348286,2646430.054588899,-0.0025285113019208882
2023-12-23,0.0,953382.3294586517,-0.046617670541348286,2630372.3721193387,0.006067676884834561
2023-12-24,0.0,953382.3294586517,-0.046617670541348286,2587170.7061648755,0.016424163518587664
2023-12-25,0.0,953382.3294586517,-0.046617670541348286,2622265.2888035593,-0.01356485003291752
2023-12-26,0.0,953382.3294586517,-0.046617670541348286,2558708.644546227,0.02423730525233425
2023-12-27,0.0,953382.3294586517,-0.046617670541348286,2614001.7213257835,-0.02160975885136862
2023-12-28,0.0,953382.3294586517,-0.046617670541348286,2561681.8436241746,0.020015242252814258
2023-12-29,0.0,953382.3294586517,-0.046617670541348286,2531679.0148720155,0.011712160441326391
2023-12-30,0.0,953382.3294586517,-0.046617670541348286,2536698.5452991575,-0.0019826883256743866
2023-12-31,0.0,953382.3294586517,-0.046617670541348286,2544853.7775878585,-0.0032149000533838734
2024-01-01,0.0,953382.3294586517,-0.046617670541348286,2659436.2958995146,-0.045025187427571334
2024-01-02,0.0,953382.3294586517,-0.046617670541348286,2705725.514742615,-0.017405650556274743
2024-01-03,0.0,953382.3294586517,-0.046617670541348286,2578353.4254984935,0.0470750224108516
2024-01-04,-0.03168171375376383,923177.5433988462,-0.07682245660115383,2657456.1693880884,-0.06236127191957308
2024-01-05,-0.0005760481329172285,922645.7486986201,-0.07735425130137988,2656944.58655079,-0.0003835396568823146
2024-01-06,0.0,922645.7486986201,-0.07735425130137988,2646405.980102439,0.003966438179289322
2024-01-07,0.0,922645.7486986201,-0.07735425130137988,2643974.4569698665,0.0009188020095383109
2024-01-08,0.0,922645.7486986201,-0.07735425130137988,2825863.220805173,-0.06879369176802119
2024-01-09,0.0,922645.7486986201,-0.07735425130137988,2775144.2964532278,0.017948117226103233
2024-01-10,0.0,922645.7486986201,-0.07735425130137988,2807440.2200408075,-0.0116375655236578
2024-01-11,0.0,922645.7486986201,-0.07735425130137988,2788963.051681905,0.006581500196158774
2024-01-12,-0.07763781863073105,851013.5454007416,-0.14898645459925838,2575007.071880399,-0.000922575066468645
2024-01-13,-0.000797715574981317,850334.6786410554,-0.14966532135894464,2578907.138687099,-0.0023123004665296376
2024-01-14,0.0,850334.6786410554,-0.14966532135894464,2511637.00489314,0.02608474449692888
2024-01-15,0.0,850334.6786410554,-0.14966532135894464,2559454.953626521,-0.019038558772713765
2024-01-16,0.0,850334.6786410554,-0.14966532135894464,2596421.327587557,-0.014443064883270518
2024-01-17,0.0,850334.6786410554,-0.14966532135894464,2574591.7869889447,0.008407549409130466
2024-01-18,0.0,850334.6786410554,-0.14966532135894464,2487255.56872965,0.03392235565290769
2024-01-19,0.0,850334.6786410554,-0.14966532135894464,2507357.764924678,-0.0080820790785463
2024-01-20,0.0,850334.6786410554,-0.14966532135894464,2509392.0590306423,-0.0008113298127701007
2024-01-21,0.0,850334.6786410554,-0.14966532135894464,2502717.407659299,0.00265986789402739
2024-01-22,0.0,850334.6786410554,-0.14966532135894464,2381628.759381528,0.048382868919676136
2024-01-23,0.0,850334.6786410554,-0.14966532135894464,2401442.061739022,-0.008319223673902476
2024-01-24,0.0,850334.6786410554,-0.14966532135894464,2412570.49310567,-0.004634061984651661
2024-01-25,0.0,850334.6786410554,-0.14966532135894464,2405197.681626955,0.0030559983634816934
2024-01-26,0.0,850334.6786410554,-0.14966532135894464,2516981.5408875076,-0.04647595501794188
2024-01-27,0.0,850334.6786410554,-0.14966532135894464,2535055.4615981863,-0.007180791919636276
2024-01-28,0.0,850334.6786410554,-0.14966532135894464,2529819.2607928948,0.002065517257752836
2024-01-29,0.0,850334.6786410554,-0.14966532135894464,2605876.582145159,-0.030064330100967984
2024-01-30,0.0,850334.6786410554,-0.14966532135894464,2584504.456789308,0.008201510962678626
2024-01-31,0.0,850334.6786410554,-0.14966532135894464,2562488.338920622,0.008518506443605078
2024-02-01,0.0,850334.6786410554,-0.14966532135894464,2593231.458131461,-0.011997369409996406
2024-02-02,0.0,850334.6786410554,-0.14966532135894464,2599876.0163947274,-0.0025622696510299026
2024-02-03,0.0,850334.6786410554,-0.14966532135894464,2588825.8271090775,0.004250275480818133
2024-02-04,0.0,850334.6786410554,-0.14966532135894464,2563330.9459467614,0.009848048059218462
2024-02-05,0.0,850334.6786410554,-0.14966532135894464,2570378.7518582516,-0.002749471706973372
2024-02-06,0.0,850334.6786410554,-0.14966532135894464,2593755.07821199,-0.009094506534042424
2024-02-07,0.0,850334.6786410554,-0.14966532135894464,2669240.6305108024,-0.02910280655752917
2024-02-08,0.0,850334.6786410554,-0.14966532135894464,2725683.2640188765,-0.02114557708394882
2024-02-09,0.0,850334.6786410554,-0.14966532135894464,2836708.776955904,-0.04073309412089432
2024-02-10,0.0,850334.6786410554,-0.14966532135894464,2873753.3929979377,-0.013059012734393916
2024-02-11,0.0,850334.6786410554,-0.14966532135894464,2906988.2215575012,-0.011564954961181373
2024-02-12,0.0,850334.6786410554,-0.14966532135894464,3004495.9103466147,-0.033542512510377875
2024-02-13,0.0,850334.6786410554,-0.14966532135894464,2990929.937225779,0.004515224358974335
2024-02-14,0.0,850334.6786410554,-0.14966532135894464,3117381.1773627633,-0.042278235462203106
2024-02-15,0.0,850334.6786410554,-0.14966532135894464,3122484.968492518,-0.0016372047046466776
2024-02-16,0.0,850334.6786410554,-0.14966532135894464,3137308.833530947,-0.00474745761405071
2024-02-17,0.0,850334.6786410554,-0.14966532135894464,3108377.3194263075,0.009221761592427602
2024-02-18,0.0,850334.6786410554,-0.14966532135894464,3138006.99363832,-0.009532199976765021
2024-02-19,0.0,850334.6786410554,-0.14966532135894464,3116177.4530397076,0.006956498389859345
2024-02-20,0.0,850334.6786410554,-0.14966532135894464,3145656.661711338,-0.009460054543066754
2024-02-21,0.0,850334.6786410554,-0.14966532135894464,3120534.935089169,0.00798616292996901
2024-02-22,0.0,850334.6786410554,-0.14966532135894464,3086951.02647592,0.010762228051226619
2024-02-23,0.0,850334.6786410554,-0.14966532135894464,3054342.1345643452,0.010563462663287226
2024-02-24,0.0,850334.6786410554,-0.14966532135894464,3103417.975215319,-0.016067564957968905
2024-02-25,0.0,850334.6786410554,-0.14966532135894464,3113517.222285755,-0.003254233606652779
2024-02-26,0.0,850334.6786410554,-0.14966532135894464,3278403.3800579025,-0.052958164673679864
2024-02-27,0.0,850334.6786410554,-0.14966532135894464,3432937.508651772,-0.047137008683519666
2024-02-28,0.0,850334.6786410554,-0.14966532135894464,3757190.748174857,-0.09445358055772757
2024-02-29,0.0,850334.6786410554,-0.14966532135894464,3680381.0991206835,0.020443372243340474
2024-03-01,0.0,850334.6786410554,-0.14966532135894464,3754229.5863401406,-0.02006544573253599
2024-03-02,0.0,850334.6786410554,-0.14966532135894464,3732147.2636336866,0.005881985157967118
2024-03-03,0.0,850334.6786410554,-0.14966532135894464,3798514.604185353,-0.0177826157071439
2024-03-04,0.0,850334.6786410554,-0.14966532135894464,4107372.2096165577,-0.08131010081964485
2024-03-05,0.0,850334.6786410554,-0.14966532135894464,3835035.6001468585,0.06630434145512298
2024-03-06,0.0,850334.6786410554,-0.14966532135894464,3976984.790943182,-0.0370137869882845
2024-03-07,0.0,850334.6786410554,-0.14966532135894464,4022184.639273918,-0.011365356094312773
2024-03-08,0.0,850334.6786410554,-0.14966532135894464,4100185.975407917,-0.019392778584147674
2024-03-09,0.0,850334.6786410554,-0.14966532135894464,4111416.7233420257,-0.002739082568807394
2024-03-10,0.0,850334.6786410554,-0.14966532135894464,4150056.274112107,-0.009398111008964705
2024-03-11,0.0,850334.6786410554,-0.14966532135894464,4338487.27964322,-0.04540444588824921
2024-03-12,0.0,850334.6786410554,-0.14966532135894464,4300311.162737514,0.008799407361370637
2024-03-13,0.0,850334.6786410554,-0.14966532135894464,4398571.179228537,-0.022849513156734336
2024-03-14,0.0,850334.6786410554,-0.14966532135894464,4297253.702956953,0.023034179087526807
2024-03-15,0.0,850334.6786410554,-0.14966532135894464,4182942.0226179836,0.026601101131243587
2024-03-16,0.0,850334.6786410554,-0.14966532135894464,3930647.4231271585,0.06031510791366912
2024-03-17,0.0,850334.6786410554,-0.14966532135894464,4116683.017255392,-0.047329504303447845
2024-03-18,0.0,850334.6786410554,-0.14966532135894464,4069304.427899925,0.01150892336302689
2024-03-19,0.0,850334.6786410554,-0.14966532135894464,3727717.558124841,0.08394232376253286
2024-03-20,0.0,850334.6786410554,-0.14966532135894464,4082136.1291836975,-0.09507656240918116
2024-03-21,0.03329131302985999,878643.4366078401,-0.12135656339215987,3942672.629114483,0.06745565631870154
2024-03-22,-0.000507605094801189,878197.4327229044,-0.12180256727709562,3839970.869871385,0.025541161542505186
2024-03-23,0.0,878197.4327229044,-0.12180256727709562,3851141.4315893403,-0.002909022515144688
2024-03-24,0.0,878197.4327229044,-0.12180256727709562,4045229.941438815,-0.05039765827799658
2024-03-25,0.0,878197.4327229044,-0.12180256727709562,4205198.885351281,-0.03954508055865125
2024-03-26,0.0,878197.4327229044,-0.12180256727709562,4212770.3113433,-0.0018004917718386082
2024-03-27,0.0,878197.4327229044,-0.12180256727709562,4180919.7657552497,0.007560475229871799
2024-03-28,0.0,878197.4327229044,-0.12180256727709562,4260287.328995917,-0.018983278246749613
2024-03-29,0.0,878197.4327229044,-0.12180256727709562,4204470.632135831,0.013101627319873965
2024-03-30,0.0,878197.4327229044,-0.12180256727709562,4188424.9869095013,0.003816329481216685
2024-03-31,0.0,878197.4327229044,-0.12180256727709562,4290705.44263953,-0.02441978931213895
2024-04-01,0.0,878197.4327229044,-0.12180256727709562,4192138.476446127,0.022972205272792312
2024-04-02,0.0,878197.4327229044,-0.12180256727709562,3940668.428116595,0.05998610249695635
2024-04-03,0.0,878197.4327229044,-0.12180256727709562,3970286.0650853766,-0.007515891658750107
2024-04-04,0.0,878197.4327229044,-0.12180256727709562,4122755.8064652053,-0.03840270924572553
2024-04-05,0.0,878197.4327229044,-0.12180256727709562,4082641.6933993795,0.009729927007299244
2024-04-06,0.0,878197.4327229044,-0.12180256727709562,4146631.678413011,-0.015673671563460445
2024-04-07,0.0,878197.4327229044,-0.12180256727709562,4174395.5799242877,-0.006695531135743948
2024-04-08,0.0,878197.4327229044,-0.12180256727709562,4311367.370644778,-0.03281236483174266
2024-04-09,0.0,878197.4327229044,-0.12180256727709562,4161389.338613673,0.034786650994363066
2024-04-10,0.0,878197.4327229044,-0.12180256727709562,4251307.545545921,-0.02160773713189834
2024-04-11,0.0,878197.4327229044,-0.12180256727709562,4213757.3652882045,0.008832619107281059
2024-04-12,0.0,878197.4327229044,-0.12180256727709562,4039740.958525681,0.04129720619322408
2024-04-13,0.0,878197.4327229044,-0.12180256727709562,3847602.4820795567,0.047562078464616686
2024-04-14,0.0,878197.4327229044,-0.12180256727709562,3952428.814752848,-0.027244584949075668
2024-04-15,0.0,878197.4327229044,-0.12180256727709562,3817593.634705782,0.03411451195370796
2024-04-16,0.0,878197.4327229044,-0.12180256727709562,3839639.845682544,-0.005774897248449928
2024-04-17,0.0,878197.4327229044,-0.12180256727709562,3687880.3016533176,0.039524421593830295
2024-04-18,0.0,878197.4327229044,-0.12180256727709562,3820621.001378267,-0.035993765759002594
2024-04-19,0.0,878197.4327229044,-0.12180256727709562,3840729.2161949095,-0.0052630749842470514
2024-04-20,0.0,878197.4327229044,-0.12180256727709562,3908378.5231506303,-0.0176136621843761
2024-04-21,0.0,878197.4327229044,-0.12180256727709562,3908366.4859073996,3.079856047527585e-06
2024-04-22,0.0,878197.4327229044,-0.12180256727709562,4021215.641193856,-0.028873739372538898
2024-04-23,0.0,878197.4327229044,-0.12180256727709562,3997201.3409488983,0.005971900635954985
2024-04-24,0.0,878197.4327229044,-0.12180256727709562,3868926.458462486,0.032091173685026675
2024-04-25,0.0,878197.4327229044,-0.12180256727709562,3882354.0032861703,-0.0034706125763426243
2024-04-26,0.0,878197.4327229044,-0.12180256727709562,3838321.767548799,0.01134163337503502
2024-04-27,0.0,878197.4327229044,-0.12180256727709562,3819417.277055212,0.0049251969059539435
2024-04-28,0.0,878197.4327229044,-0.12180256727709562,3799074.335995573,0.005326189725811559
2024-04-29,0.0,878197.4327229044,-0.12180256727709562,3844087.607056235,-0.011848483888343253
2024-04-30,0.0,878197.4327229044,-0.12180256727709562,3651804.6836913438,0.05002043215974983
2024-05-01,0.0,878197.4327229044,-0.12180256727709562,3511372.18554207,0.038455643253987204
2024-05-02,-0.013345937273081199,866477.0648724035,-0.1335229351275965,3554730.33565853,-0.025693859346105907
2024-05-03,-0.0006091011793837309,865949.2926702808,-0.13405070732971922,3784262.508200375,-0.06518001116919125
2024-05-04,0.0,865949.2926702808,-0.13405070732971922,3845544.1134871314,-0.016193803985310673
2024-05-05,0.0,865949.2926702808,-0.13405070732971922,3852983.1298036147,-0.0019344509117429354
2024-05-06,0.0,865949.2926702808,-0.13405070732971922,3802300.3171813614,0.01315417454860135
2024-05-07,0.0,865949.2926702808,-0.13405070732971922,3750696.6554519706,0.013571695401389139
2024-05-08,0.0,865949.2926702808,-0.13405070732971922,3683029.292631404,0.018041278470815825
2024-05-09,0.0,865949.2926702808,-0.13405070732971922,3795884.466539475,-0.030641943069488864
2024-05-10,0.0,865949.2926702808,-0.13405070732971922,3659333.979332055,0.03597329908512903
2024-05-11,0.0,865949.2926702808,-0.13405070732971922,3660886.783708797,-0.00042434070940555735
2024-05-12,0.0,865949.2926702808,-0.13405070732971922,3699652.7255327995,-0.010589221714398356
2024-05-13,0.0,865949.2926702808,-0.13405070732971922,3787807.4763317723,-0.02382784475704458
2024-05-14,0.0,865949.2926702808,-0.13405070732971922,3705845.8871749206,0.021638266904796755
2024-05-15,0.0,865949.2926702808,-0.13405070732971922,3985091.8742589583,-0.07535283322235387
2024-05-16,0.0,865949.2926702808,-0.13405070732971922,3926301.978320926,0.014752456854953744
2024-05-17,0.0,865949.2926702808,-0.13405070732971922,4033553.815505173,-0.027316247648917047
2024-05-18,0.0,865949.2926702808,-0.13405070732971922,4027119.908998442,0.001595096235483262
2024-05-19,0.0,865949.2926702808,-0.13405070732971922,3988636.8423903566,0.009555977343037703
2024-05-20,0.0,865949.2926702808,-0.13405070732971922,4299083.363927993,-0.0778327367982663
2024-05-21,0.0,865949.2926702808,-0.13405070732971922,4221744.076171676,0.017989715762490976
2024-05-22,0.0,865949.2926702808,-0.13405070732971922,4163291.223044099,0.013845664747300868
2024-05-23,0.0,865949.2926702808,-0.13405070732971922,4090706.64636385,0.017434422141426986
2024-05-24,0.0,865949.2926702808,-0.13405070732971922,4126360.960812755,-0.008715930407915407
2024-05-25,0.0,865949.2926702808,-0.13405070732971922,4170326.991712358,-0.010654916357812683
2024-05-26,0.0,865949.2926702808,-0.13405070732971922,4123134.9796269666,0.011316141918649492
2024-05-27,0.0,865949.2926702808,-0.13405070732971922,4177892.399082762,-0.013280530403773083
2024-05-28,0.0,865949.2926702808,-0.13405070732971922,4117092.2835252266,0.014552819878961953
2024-05-29,0.0,865949.2926702808,-0.13405070732971922,4071459.0944381915,0.011083839259479089
2024-05-30,0.0,865949.2926702808,-0.13405070732971922,4114203.3451498933,-0.010498509188043403
2024-05-31,0.0,865949.2926702808,-0.13405070732971922,4065127.5044989195,0.011928394523529784
2024-06-01,0.0,865949.2926702808,-0.13405070732971922,4078085.5968366126,-0.0031876226079876613
2024-06-02,0.0,865949.2926702808,-0.13405070732971922,4078681.440376525,-0.00014610863989084066
2024-06-03,0.0,865949.2926702808,-0.13405070732971922,4140853.8016623436,-0.015243250102925154
2024-06-04,0.0,865949.2926702808,-0.13405070732971922,4245072.253552493,-0.025168348577848887
2024-06-05,0.0,865949.2926702808,-0.13405070732971922,4279962.203056256,-0.00821892948337144
2024-06-06,0.0,865949.2926702808,-0.13405070732971922,4260666.502157676,0.004508381145235774
2024-06-07,0.0,865949.2926702808,-0.13405070732971922,4173793.7177627585,0.020389482338249998
2024-06-08,0.0,865949.2926702808,-0.13405070732971922,4171596.9208731824,0.000526330968449007
2024-06-09,0.0,865949.2926702808,-0.13405070732971922,4191476.4280684446,-0.004765442964010269
2024-06-10,0.0,865949.2926702808,-0.13405070732971922,4185650.402344855,0.0013899698169778096
2024-06-11,0.0,865949.2926702808,-0.13405070732971922,4051405.047216087,0.032072758645481314
2024-06-12,0.0,865949.2926702808,-0.13405070732971922,4108900.9395068344,-0.014191593193145557
2024-06-13,0.0,865949.2926702808,-0.13405070732971922,4018976.7139529698,0.021885225971073674
2024-06-14,0.0,865949.2926702808,-0.13405070732971922,3975046.7947830586,0.010930622966138781
2024-06-15,0.0,865949.2926702808,-0.13405070732971922,3985735.8667717916,-0.0026890430579991076
2024-06-16,0.0,865949.2926702808,-0.13405070732971922,4013090.5020132293,-0.006863132971125063
2024-06-17,0.0,865949.2926702808,-0.13405070732971922,4001907.903052044,0.0027865304696157445
2024-06-18,0.0,865949.2926702808,-0.13405070732971922,3922763.0288111423,0.019776785512865547
2024-06-19,0.0,865949.2926702808,-0.13405070732971922,3910045.68133806,0.0032419362015185804
2024-06-20,0.0,865949.2926702808,-0.13405070732971922,3904893.7412353824,0.001317616345831274
2024-06-21,0.0,865949.2926702808,-0.13405070732971922,3860668.909606322,0.0113254891322776
2024-06-22,0.0,865949.2926702808,-0.13405070732971922,3867746.8086258895,-0.0018333348922916493
2024-06-23,0.0,865949.2926702808,-0.13405070732971922,3804485.076827706,0.016356223643465118
2024-06-24,0.0,865949.2926702808,-0.13405070732971922,3628663.0835805987,0.046214399503890946
2024-06-25,0.0,865949.2926702808,-0.13405070732971922,3719875.294160132,-0.025136588456575293
2024-06-26,0.0,865949.2926702808,-0.13405070732971922,3663300.250976522,0.015208854789414028
2024-06-27,0.0,865949.2926702808,-0.13405070732971922,3713886.7656529304,-0.013809000412380534
2024-06-28,0.0,865949.2926702808,-0.13405070732971922,3637414.1594092124,0.020590990266843412
2024-06-29,0.0,865949.2926702808,-0.13405070732971922,3670558.7086445466,-0.009112118604805097
2024-06-30,0.0,865949.2926702808,-0.13405070732971922,3778141.570017635,-0.029309669157373763
2024-07-01,0.0,865949.2926702808,-0.13405070732971922,3786092.169171417,-0.0021043677179479747
2024-07-02,0.0,865949.2926702808,-0.13405070732971922,3740272.402814308,0.012102126496074339
2024-07-03,0.0,865949.2926702808,-0.13405070732971922,3624275.508423061,0.031012953576313507
2024-07-04,0.0,865949.2926702808,-0.13405070732971922,3433623.6315159104,0.0526041346647248
2024-07-05,0.0,865949.2926702808,-0.13405070732971922,3408556.072488279,0.007300613496932562
2024-07-06,0.0,865949.2926702808,-0.13405070732971922,3505028.5583595647,-0.028303036188828123
2024-07-07,0.0,865949.2926702808,-0.13405070732971922,3362122.4067264115,0.040771751001092094
2024-07-08,0.0,865949.2926702808,-0.13405070732971922,3413792.27329357,-0.015368228849665266
2024-07-09,0.0,865949.2926702808,-0.13405070732971922,3493394.562777233,-0.02331784804435788
2024-07-10,0.0,865949.2926702808,-0.13405070732971922,3473960.4335815012,0.005563107415007096
2024-07-11,0.0,865949.2926702808,-0.13405070732971922,3451234.118362213,0.006541903874206945
2024-07-12,0.0,865949.2926702808,-0.13405070732971922,3484667.5614350806,-0.009687387736168285
2024-07-13,0.0,865949.2926702808,-0.13405070732971922,3563619.839784293,-0.022657047467878888
2024-07-14,0.0,865949.2926702808,-0.13405070732971922,3658364.981251994,-0.026586770117835057
2024-07-15,0.0,865949.2926702808,-0.13405070732971922,3895655.157055931,-0.06486235709667487
2024-07-16,0.0,865949.2926702808,-0.13405070732971922,3914902.708981589,-0.004940774054601915
2024-07-17,0.0,865949.2926702808,-0.13405070732971922,3857093.848366847,0.01476635945054694
2024-07-18,0.0,865949.2926702808,-0.13405070732971922,3851388.1950755636,0.0014792622413631884
2024-07-19,0.0,865949.2926702808,-0.13405070732971922,4012007.1501224786,-0.041704171823625735
2024-07-20,0.0,865949.2926702808,-0.13405070732971922,4040764.124200275,-0.007167727524343803
2024-07-21,0.0,865949.2926702808,-0.13405070732971922,4102527.219216254,-0.015285003805611375
2024-07-22,0.0,865949.2926702808,-0.13405070732971922,4064050.171229785,0.0093788647656603
2024-07-23,0.0,865949.2926702808,-0.13405070732971922,3968582.79516825,0.02349069820480254
2024-07-24,0.0,865949.2926702808,-0.13405070732971922,3934589.6202851622,0.00856557028984617
2024-07-25,0.0,865949.2926702808,-0.13405070732971922,3960367.3766633966,-0.006551574335817545
2024-07-26,0.0,865949.2926702808,-0.13405070732971922,4087179.7340972973,-0.03202035199591502
2024-07-27,0.0,865949.2926702808,-0.13405070732971922,4086469.536746695,0.0001737622020087093
2024-07-28,0.0,865949.2926702808,-0.13405070732971922,4107077.297157405,-0.005042925250120955
2024-07-29,0.0,865949.2926702808,-0.13405070732971922,4019602.6506009595,0.021298514789821033
2024-07-30,0.0,865949.2926702808,-0.13405070732971922,3983731.665773905,0.008924012631370881
2024-07-31,0.0,865949.2926702808,-0.13405070732971922,3889835.1499539576,0.023569990074044367
2024-08-01,0.0,865949.2926702808,-0.13405070732971922,3933530.342880873,-0.011233173448862654
2024-08-02,0.0,865949.2926702808,-0.13405070732971922,3700844.412612623,0.05915447701817733
2024-08-03,0.0,865949.2926702808,-0.13405070732971922,3653905.1826350726,0.012683383775221602
2024-08-04,0.0,865949.2926702808,-0.13405070732971922,3500436.3500671075,0.04200131774007576
2024-08-05,0.0,865949.2926702808,-0.13405070732971922,3251139.0241406914,0.07121892844063193
2024-08-06,0.0,865949.2926702808,-0.13405070732971922,3371752.201310856,-0.037098744862823496
2024-08-07,0.0,865949.2926702808,-0.13405070732971922,3318830.461447719,0.015695619578023012
2024-08-08,0.0,865949.2926702808,-0.13405070732971922,3712652.9482217976,-0.1186630324594189
2024-08-09,0.0,865949.2926702808,-0.13405070732971922,3661621.0555458586,0.013745398071850934
2024-08-10,0.0,865949.2926702808,-0.13405070732971922,3666622.5301081543,-0.0013659181238103724
2024-08-11,0.0,865949.2926702808,-0.13405070732971922,3533635.0668969783,0.03626974473624178
2024-08-12,0.0,865949.2926702808,-0.13405070732971922,3571931.5562349902,-0.010837703558234546
2024-08-13,0.0,865949.2926702808,-0.13405070732971922,3646357.8311295137,-0.020836422457370052
2024-08-14,0.0,865949.2926702808,-0.13405070732971922,3532142.4487363896,0.03132314152441373
2024-08-15,0.0,865949.2926702808,-0.13405070732971922,3463355.6222953815,0.019474533498958002
2024-08-16,0.0,865949.2926702808,-0.13405070732971922,3543788.4815619523,-0.023223967746420104
2024-08-17,0.0,865949.2926702808,-0.13405070732971922,3581061.8052253663,-0.01051793126405376
2024-08-18,0.0,865949.2926702808,-0.13405070732971922,3516963.4850226594,0.01789924991218439
2024-08-19,0.0,865949.2926702808,-0.13405070732971922,3577697.395742427,-0.017268848817569182
2024-08-20,0.0,865949.2926702808,-0.13405070732971922,3551377.9634188176,0.007356528351148528
2024-08-21,0.0,865949.2926702808,-0.13405070732971922,3680748.2350392113,-0.03642819011464837
2024-08-22,0.0,865949.2926702808,-0.13405070732971922,3634043.7313046562,0.012688861272810548
2024-08-23,0.0,865949.2926702808,-0.13405070732971922,3854812.7907746565,-0.06075024842663135
2024-08-24,0.0,865949.2926702808,-0.13405070732971922,3861547.628362152,-0.0017471244267979191
2024-08-25,0.0,865949.2926702808,-0.13405070732971922,3865610.1979524638,-0.0010520573566084046
2024-08-26,-0.022918078400631092,846103.3988898923,-0.15389660111010772,3780795.7821499715,-0.0009773209369279279
2024-08-27,-0.0006019817170207498,845594.0601130514,-0.15440593988694856,3575350.133312468,0.053737279294499785
2024-08-28,0.0,845594.0601130514,-0.15440593988694856,3553033.084363018,0.00624191984486111
2024-08-29,0.0,845594.0601130514,-0.15440593988694856,3572178.3197212163,-0.005388420232408375
2024-08-30,0.0,845594.0601130514,-0.15440593988694856,3559148.0039241402,0.003647722658507435
2024-08-31,0.0,845594.0601130514,-0.15440593988694856,3549452.0045019276,0.002724247323101503
2024-09-01,0.0,845594.0601130514,-0.15440593988694856,3448435.459311107,0.028459758031013416
2024-09-02,0.0,845594.0601130514,-0.15440593988694856,3559605.4191669007,-0.032237796289799725
2024-09-03,0.0,845594.0601130514,-0.15440593988694856,3459744.449326214,0.028053943648635782
2024-09-04,0.0,845594.0601130514,-0.15440593988694856,3488994.950376463,-0.008454526476932678
2024-09-05,0.0,845594.0601130514,-0.15440593988694856,3381020.8785983813,0.030947041573227585
2024-09-06,0.0,845594.0601130514,-0.15440593988694856,3247576.0001444453,0.03946881230418675
2024-09-07,0.0,845594.0601130514,-0.15440593988694856,3259432.684726542,-0.003650933675322543
2024-09-08,0.0,845594.0601130514,-0.15440593988694856,3302772.7789781564,-0.01329682139309174
2024-09-09,0.0,845594.0601130514,-0.15440593988694856,3432468.056165775,-0.039268604250682015
2024-09-10,0.0,845594.0601130514,-0.15440593988694856,3469115.4431811995,-0.010676686983173811
2024-09-11,0.0,845594.0601130514,-0.15440593988694856,3450975.317632753,0.005229034849244418
2024-09-12,0.0,845594.0601130514,-0.15440593988694856,3498775.210501288,-0.013851125687367682
2024-09-13,0.0,845594.0601130514,-0.15440593988694856,3641272.0958646024,-0.04072764804541351
2024-09-14,0.0,845594.0601130514,-0.15440593988694856,3610679.4421941466,0.00840163900555524
2024-09-15,0.0,845594.0601130514,-0.15440593988694856,3558582.2534923023,0.014428638580606168
2024-09-16,0.0,845594.0601130514,-0.15440593988694856,3503553.9960638187,0.01546353393250366
2024-09-17,0.0,845594.0601130514,-0.15440593988694856,3630107.5527682626,-0.03612148031588047
2024-09-18,0.0,845594.0601130514,-0.15440593988694856,3717564.143459862,-0.024092010889569027
2024-09-19,0.0,845594.0601130514,-0.15440593988694856,3789101.4799790527,-0.0192430671694106
2024-09-20,0.0,845594.0601130514,-0.15440593988694856,3803768.8608554834,-0.0038709390481967976
2024-09-21,0.0,845594.0601130514,-0.15440593988694856,3812676.4208460944,-0.002341772151898791
2024-09-22,0.0,845594.0601130514,-0.15440593988694856,3826290.542939853,-0.0035707520363705836
2024-09-23,0.0,845594.0601130514,-0.15440593988694856,3811960.204873877,0.0037452299832321234
2024-09-24,0.0,845594.0601130514,-0.15440593988694856,3868517.192192642,-0.014836720290640093
2024-09-25,0.0,845594.0601130514,-0.15440593988694856,3801054.4625069946,0.017438911689936165
2024-09-26,0.0,845594.0601130514,-0.15440593988694856,3921938.4776498466,-0.031802757980774254
2024-09-27,0.0,845594.0601130514,-0.15440593988694856,3958694.1998543483,-0.009371825288428948
2024-09-28,0.00020518827917959115,845767.5661031306,-0.15423243389686941,3963460.948173648,-0.0009989330999042867
2024-09-29,-0.00079800301921229,845092.6410318285,-0.1549073589681715,3948426.431378684,0.002995276892348797
2024-09-30,0.0,845092.6410318285,-0.1549073589681715,3811442.6034149644,0.034693270938288334
2024-10-01,0.0,845092.6410318285,-0.1549073589681715,3660194.642223037,0.0396826023449528
2024-10-02,0.0,845092.6410318285,-0.1549073589681715,3649818.5385582983,0.002834850241307585
2024-10-03,0.0,845092.6410318285,-0.1549073589681715,3656541.338902564,-0.0018419546816486054
2024-10-04,0.0,845092.6410318285,-0.1549073589681715,3737208.92441213,-0.022061171482277597
2024-10-05,0.0,845092.6410318285,-0.1549073589681715,3735072.3137387065,0.0005717129324686043
2024-10-06,0.0,845092.6410318285,-0.1549073589681715,3781217.08566304,-0.012354452082386613
2024-10-07,0.0,845092.6410318285,-0.1549073589681715,3744912.760079685,0.009601227530946943
2024-10-08,0.0,845092.6410318285,-0.1549073589681715,3740928.432570372,0.0010639306612922894
2024-10-09,0.0,845092.6410318285,-0.1549073589681715,3649541.6819639956,0.024428895728321853
2024-10-10,0.0,845092.6410318285,-0.1549073589681715,3630577.005254256,0.005196454339311485
2024-10-11,0.0,845092.6410318285,-0.1549073589681715,3764407.07549157,-0.036861928570481206
2024-10-12,0.0,845092.6410318285,-0.1549073589681715,3804364.7043953985,-0.01061458766347978
2024-10-13,0.0,845092.6410318285,-0.1549073589681715,3784027.781957375,0.005345681610001041
2024-10-14,0.0,845092.6410318285,-0.1549073589681715,3977694.98829378,-0.051180175594859545
2024-10-15,0.0,845092.6410318285,-0.1549073589681715,4036815.908420653,-0.01486311049511424
2024-10-16,0.0,845092.6410318285,-0.1549073589681715,4069448.8748186883,-0.008083838138361443
2024-10-17,0.0,845092.6410318285,-0.1549073589681715,4058145.9034251967,0.0027775189567887937
2024-10-18,0.0,845092.6410318285,-0.1549073589681715,4118627.0320371212,-0.014903635810845861
2024-10-19,0.0,845092.6410318285,-0.1549073589681715,4114702.8907439606,0.0009527789874238524
2024-10-20,0.0,845092.6410318285,-0.1549073589681715,4154991.54383663,-0.009791388142093682
2024-10-21,0.0,845092.6410318285,-0.1549073589681715,4054847.6987800244,0.024102057489179596
2024-10-22,0.0,845092.6410318285,-0.1549073589681715,4057826.9164795866,-0.000734729864319883
2024-10-23,0.0,845092.6410318285,-0.1549073589681715,4012374.2860410097,0.011201224540648869
2024-10-24,0.0,845092.6410318285,-0.1549073589681715,4104609.6622951394,-0.02298772987729869
2024-10-25,0.0,845092.6410318285,-0.1549073589681715,4015022.4795517316,0.02182599324032053
2024-10-26,0.0,845092.6410318285,-0.1549073589681715,4038248.3403650876,-0.005784739919052484
2024-10-27,0.0,845092.6410318285,-0.1549073589681715,4094040.9627387114,-0.013816045391745302
2024-10-28,0.0,845092.6410318285,-0.1549073589681715,4210699.905507639,-0.028494815716471944
2024-10-29,0.0,845092.6410318285,-0.1549073589681715,4378306.480249891,-0.03980492044161621
2024-10-30,0.0,845092.6410318285,-0.1549073589681715,4354183.844815857,0.005509581282819753
2024-10-31,0.0,845092.6410318285,-0.1549073589681715,4231223.405215735,0.02823960677418824
2024-11-01,0.0,845092.6410318285,-0.1549073589681715,4182671.18464529,0.011474747589691359
2024-11-02,0.0,845092.6410318285,-0.1549073589681715,4175178.000734269,0.001791482901770669
2024-11-03,0.0,845092.6410318285,-0.1549073589681715,4138963.954475144,0.008673653255683145
2024-11-04,0.0,845092.6410318285,-0.1549073589681715,4083634.765965896,0.013367883634121669
2024-11-05,0.0,845092.6410318285,-0.1549073589681715,4175280.3173017288,-0.02244215180545317
2024-11-06,0.0,845092.6410318285,-0.1549073589681715,4549163.110664393,-0.08954675254098521
2024-11-07,0.0,845092.6410318285,-0.1549073589681715,4565744.413214483,-0.003644912733777206
2024-11-08,0.0,845092.6410318285,-0.1549073589681715,4604191.368092877,-0.008420741810934107
2024-11-09,0.0,845092.6410318285,-0.1549073589681715,4614778.12351415,-0.0022993734566811863
2024-11-10,0.0,845092.6410318285,-0.1549073589681715,4836564.330037132,-0.04805999347896961
2024-11-11,0.0,845092.6410318285,-0.1549073589681715,5334906.199782123,-0.10303633648581378
2024-11-12,0.0,845092.6410318285,-0.1549073589681715,5293046.686447866,0.00784634476534296
2024-11-13,0.0,845092.6410318285,-0.1549073589681715,5439533.917942109,-0.02767540892267273
2024-11-14,0.0,845092.6410318285,-0.1549073589681715,5256062.256621985,0.033729298150885545
2024-11-15,0.0,845092.6410318285,-0.1549073589681715,5478323.934252573,-0.04228672850108772
2024-11-16,0.0,845092.6410318285,-0.1549073589681715,5451866.073631814,0.004829553881495641
2024-11-17,0.0,845092.6410318285,-0.1549073589681715,5408333.38348851,0.007984915541827231
2024-11-18,0.0,845092.6410318285,-0.1549073589681715,5444685.858044787,-0.006721566881816132
2024-11-19,0.0,845092.6410318285,-0.1549073589681715,5555663.222008891,-0.020382693668199448
2024-11-20,0.0,845092.6410318285,-0.1549073589681715,5674765.725153622,-0.02143803509775455
2024-11-21,0.0,845092.6410318285,-0.1549073589681715,5917340.250735774,-0.042746174437991336
2024-11-22,0.0,845092.6410318285,-0.1549073589681715,5951923.25053716,-0.0058443486999224525
2024-11-23,-0.0133771759906407,833787.6880443504,-0.16621231195564964,5878177.079885162,-0.000986866581771606
2024-11-24,-0.00080013880100549,833120.5421633454,-0.16687945783665462,5892224.54273522,-0.003189903971253072
2024-11-25,0.0,833120.5421633454,-0.16687945783665462,5597438.474640536,0.05002967316616247
2024-11-26,0.0,833120.5421633454,-0.16687945783665462,5534730.456030958,0.011202984882045519
2024-11-27,0.0,833120.5421633454,-0.16687945783665462,5768734.464432955,-0.04227920587298195
2024-11-28,0.0,833120.5421633454,-0.16687945783665462,5756011.098338257,0.0022055731934176315
2024-11-29,0.0,833120.5421633454,-0.16687945783665462,5865513.900006618,-0.01902407757691349
2024-11-30,0.0,833120.5421633454,-0.16687945783665462,5802492.913073045,0.01074432488063859
2024-12-01,0.0,833120.5421633454,-0.16687945783665462,5849510.385131595,-0.008102977937744393
2024-12-02,0.0,833120.5421633454,-0.16687945783665462,5767530.740109897,0.014014787499151082
2024-12-03,0.0,833120.5421633454,-0.16687945783665462,5769288.177621558,-0.0003047122921147061
2024-12-04,0.0,833120.5421633454,-0.16687945783665462,5933199.318692031,-0.028410981740566443
2024-12-05,0.0,833120.5421633454,-0.16687945783665462,5835655.518173226,0.01644033771316289
2024-12-06,0.0,833120.5421633454,-0.16687945783665462,6002612.081781028,-0.028609735973597283
2024-12-07,0.0,833120.5421633454,-0.16687945783665462,6008714.964098919,-0.001016704433793869
2024-12-08,0.0,833120.5421633454,-0.16687945783665462,6085289.886910098,-0.012743976585459782
2024-12-09,0.0,833120.5421633454,-0.16687945783665462,5854144.723775359,0.03798424847959159
2024-12-10,0.0,833120.5421633454,-0.16687945783665462,5813579.214088387,0.00692936570601399
2024-12-11,0.0,833120.5421633454,-0.16687945783665462,6085873.69320678,-0.046837665591366706
2024-12-12,0.0,833120.5421633454,-0.16687945783665462,6018687.820115436,0.01103964302879612
2024-12-13,0.0,833120.5421633454,-0.16687945783665462,6104001.781511997,-0.014174844076715098
2024-12-14,0.0,833120.5421633454,-0.16687945783665462,6104164.284295608,-2.6622335547843434e-05
2024-12-15,0.0,833120.5421633454,-0.16687945783665462,6288099.37948011,-0.030132723599480604
2024-12-16,0.0,833120.5421633454,-0.16687945783665462,6383711.202460411,-0.015205202273410379
2024-12-17,0.0,833120.5421633454,-0.16687945783665462,6387466.822348344,-0.0005883129372277196
2024-12-18,0.0,833120.5421633454,-0.16687945783665462,6031447.297939825,0.05573720135232407
2024-12-19,0.0,833120.5421633454,-0.16687945783665462,5865634.272438925,0.02749141579294523
2024-12-20,0.0,833120.5421633454,-0.16687945783665462,5886597.131524936,-0.003573843528654752
2024-12-21,0.0,833120.5421633454,-0.16687945783665462,5855113.72185542,0.005348320764285264
2024-12-22,0.0,833120.5421633454,-0.16687945783665462,5728126.824394675,0.021688203422375762
2024-12-23,0.0,833120.5421633454,-0.16687945783665462,5710714.952061677,0.0030397148783166683
2024-12-24,0.0,833120.5421633454,-0.16687945783665462,5938050.327713946,-0.03980856645107034
2024-12-25,0.0,833120.5421633454,-0.16687945783665462,5984935.39009696,-0.007895699732316519
2024-12-26,0.0,833120.5421633454,-0.16687945783665462,5764834.397626255,0.03677583434482801
2024-12-27,0.0,833120.5421633454,-0.16687945783665462,5675806.946693067,0.015443193124479948
2024-12-28,0.0,833120.5421633454,-0.16687945783665462,5736065.386305227,-0.010616717618852078
2024-12-29,0.0,833120.5421633454,-0.16687945783665462,5641711.455242519,0.016449242591964897
2024-12-30,0.0,833120.5421633454,-0.16687945783665462,5585064.188599524,0.010040794729116342
2024-12-31,0.0,833120.5421633454,-0.16687945783665462,5632533.05727922,-0.008499252126160206
