ts,open,high,low,close,volume
2026-01-01 00:00:00,2971.63,2989.07,2971.36,2980.44,4986.007887
2026-01-01 04:00:00,2980.54,2983.97,2973.55,2978.56,7672.910575
2026-01-01 08:00:00,2978.56,2993.4,2978.2,2989.61,5259.811475
2026-01-01 12:00:00,2989.61,2995.42,2977.85,2989.81,6356.138189
2026-01-01 16:00:00,2989.82,3006.0,2980.46,2995.4,9896.385211
2026-01-01 20:00:00,2995.4,3009.73,2987.5,3004.21,5741.175012
2026-01-02 00:00:00,3004.22,3035.39,2992.4,3022.6,13890.66342
2026-01-02 04:00:00,3022.59,3039.11,3009.0,3018.11,12522.860298
2026-01-02 08:00:00,3018.11,3069.0,3016.0,3047.55,26159.165933
2026-01-02 12:00:00,3047.54,3109.54,3020.35,3086.34,44475.482061
2026-01-02 16:00:00,3086.29,3150.0,3078.84,3123.5,40958.277659
2026-01-02 20:00:00,3123.88,3146.3,3111.26,3125.44,8006.096913
2026-01-03 00:00:00,3125.44,3136.56,3119.08,3125.46,6897.591665
2026-01-03 04:00:00,3125.5,3127.93,3075.82,3090.62,19772.582687
2026-01-03 08:00:00,3090.62,3110.78,3084.23,3098.47,9547.583998
2026-01-03 12:00:00,3098.55,3114.52,3093.6,3101.54,8193.181965
2026-01-03 16:00:00,3101.22,3118.63,3098.36,3113.26,4308.03427
2026-01-03 20:00:00,3113.26,3131.0,3107.42,3126.89,6102.984392
2026-01-04 00:00:00,3126.9,3170.52,3125.93,3147.38,17503.224598
2026-01-04 04:00:00,3147.38,3163.61,3134.29,3140.94,11276.157611
2026-01-04 08:00:00,3140.95,3148.97,3125.27,3139.81,8913.822017
2026-01-04 12:00:00,3139.81,3147.39,3118.2,3135.59,9294.755578
2026-01-04 16:00:00,3135.59,3144.18,3119.04,3133.0,7767.061797
2026-01-04 20:00:00,3133.0,3155.54,3131.02,3144.78,7210.883227
2026-01-05 00:00:00,3144.71,3222.0,3143.7,3186.23,33809.858786
2026-01-05 04:00:00,3186.23,3188.57,3135.77,3157.49,20883.134993
2026-01-05 08:00:00,3157.48,3184.28,3153.56,3180.26,11169.182409
2026-01-05 12:00:00,3180.26,3205.7,3135.23,3195.76,35086.416165
2026-01-05 16:00:00,3195.71,3229.6,3159.33,3223.15,28183.568502
2026-01-05 20:00:00,3223.1,3265.88,3220.08,3225.0,17948.203877
2026-01-06 00:00:00,3225.01,3247.42,3203.41,3225.08,11532.388397
2026-01-06 04:00:00,3225.14,3254.89,3211.49,3219.54,16613.08655
2026-01-06 08:00:00,3219.54,3243.2,3214.34,3237.9,13587.531102
2026-01-06 12:00:00,3237.91,3309.05,3229.61,3272.21,40982.685668
2026-01-06 16:00:00,3272.2,3279.39,3181.96,3223.59,32295.775426
2026-01-06 20:00:00,3223.59,3302.28,3223.51,3296.81,17620.62772
2026-01-07 00:00:00,3296.85,3297.02,3239.24,3266.6,14294.963626
2026-01-07 04:00:00,3266.6,3271.7,3246.7,3255.26,7812.696851
2026-01-07 08:00:00,3255.27,3263.3,3196.21,3220.8,20449.248121
2026-01-07 12:00:00,3220.63,3229.45,3144.78,3164.63,31786.02249
2026-01-07 16:00:00,3164.77,3179.41,3125.27,3145.66,21508.31718
2026-01-07 20:00:00,3145.66,3181.58,3128.32,3168.97,15450.243809
2026-01-08 00:00:00,3168.97,3184.3,3133.44,3142.69,11649.628389
2026-01-08 04:00:00,3142.7,3161.31,3090.23,3128.0,27089.763609
2026-01-08 08:00:00,3128.0,3136.9,3096.14,3121.21,16202.914993
2026-01-08 12:00:00,3121.21,3121.3,3055.0,3104.26,32968.992621
2026-01-08 16:00:00,3104.14,3139.0,3090.4,3111.35,12855.606769
2026-01-08 20:00:00,3111.34,3130.4,3089.23,3106.6,8007.52653
2026-01-09 00:00:00,3106.7,3148.2,3081.23,3119.71,18766.969234
2026-01-09 04:00:00,3119.7,3125.43,3110.42,3111.11,4882.99674
2026-01-09 08:00:00,3111.11,3115.51,3066.8,3090.15,11564.45682
2026-01-09 12:00:00,3090.34,3143.14,3058.8,3112.5,26680.119802
2026-01-09 16:00:00,3112.57,3145.75,3069.23,3080.55,14930.233312
2026-01-09 20:00:00,3080.43,3093.56,3065.0,3088.49,8250.951359
2026-01-10 00:00:00,3088.49,3095.33,3080.42,3086.82,3810.721484
2026-01-10 04:00:00,3086.82,3093.87,3078.88,3093.12,4466.757483
2026-01-10 08:00:00,3093.11,3103.63,3087.22,3097.0,3268.688398
2026-01-10 12:00:00,3096.99,3103.99,3089.06,3095.55,3590.046594
2026-01-10 16:00:00,3095.55,3099.02,3090.25,3092.19,2115.933174
2026-01-10 20:00:00,3092.2,3093.62,3078.79,3086.84,3845.368541
2026-01-11 00:00:00,3086.85,3097.64,3084.7,3096.91,2158.134359
2026-01-11 04:00:00,3096.9,3102.4,3090.01,3095.36,3191.647555
2026-01-11 08:00:00,3095.35,3109.5,3093.0,3105.04,3483.577963
2026-01-11 12:00:00,3105.07,3131.06,3104.9,3118.1,8179.032352
2026-01-11 16:00:00,3118.14,3147.21,3116.02,3124.7,10505.789016
2026-01-11 20:00:00,3124.65,3126.4,3093.0,3123.62,13461.142411
2026-01-12 00:00:00,3123.51,3171.62,3097.51,3152.49,25718.256815
2026-01-12 04:00:00,3152.49,3167.0,3133.78,3135.6,13597.320132
2026-01-12 08:00:00,3135.6,3147.92,3101.63,3115.62,19770.593756
2026-01-12 12:00:00,3115.6,3133.99,3066.0,3130.58,30993.123938
2026-01-12 16:00:00,3130.42,3146.82,3084.21,3121.76,22753.315666
2026-01-12 20:00:00,3121.76,3127.9,3084.77,3095.65,12084.486463
2026-01-13 00:00:00,3095.66,3119.0,3092.02,3116.29,9146.799521
2026-01-13 04:00:00,3116.29,3147.3,3112.37,3122.29,13913.882637
2026-01-13 08:00:00,3122.29,3148.5,3121.75,3133.98,11561.536013
2026-01-13 12:00:00,3134.04,3188.8,3129.49,3184.41,35451.352301
2026-01-13 16:00:00,3184.42,3218.75,3171.81,3215.98,23176.803172
2026-01-13 20:00:00,3216.0,3380.0,3190.66,3325.3,64436.303376
2026-01-14 00:00:00,3325.29,3358.18,3315.0,3352.47,25851.584177
2026-01-14 04:00:00,3352.46,3365.0,3320.0,3335.41,34235.763697
2026-01-14 08:00:00,3335.41,3343.19,3282.84,3286.35,18667.766262
2026-01-14 12:00:00,3286.34,3362.45,3280.27,3345.67,50329.000748
2026-01-14 16:00:00,3345.67,3403.36,3315.39,3367.54,53705.763684
2026-01-14 20:00:00,3367.53,3392.76,3347.33,3354.75,16860.731701
2026-01-15 00:00:00,3354.75,3355.65,3276.0,3286.46,22580.055064
2026-01-15 04:00:00,3286.46,3335.28,3284.8,3330.01,18540.532752
2026-01-15 08:00:00,3330.01,3378.69,3320.12,3349.46,25511.573123
2026-01-15 12:00:00,3349.45,3384.76,3286.0,3331.25,41534.585124
2026-01-15 16:00:00,3331.25,3337.6,3274.21,3295.79,27119.127002
2026-01-15 20:00:00,3295.68,3323.68,3277.11,3318.75,18844.565407
2026-01-16 00:00:00,3318.75,3327.72,3292.03,3295.26,10027.792714
2026-01-16 04:00:00,3295.26,3317.18,3277.0,3309.35,17471.348874
2026-01-16 08:00:00,3309.35,3320.33,3293.5,3302.11,10228.840816
2026-01-16 12:00:00,3302.11,3319.36,3253.44,3264.51,31000.915928
2026-01-16 16:00:00,3264.5,3289.06,3260.08,3276.7,14312.973304
2026-01-16 20:00:00,3276.8,3299.98,3264.46,3296.27,10171.6004
2026-01-17 00:00:00,3296.26,3297.76,3284.0,3289.4,3714.496724
2026-01-17 04:00:00,3289.41,3294.29,3286.02,3291.87,4695.128229
2026-01-17 08:00:00,3291.87,3305.36,3289.29,3302.51,9421.019205
2026-01-17 12:00:00,3302.5,3330.0,3299.69,3329.79,15083.528368
2026-01-17 16:00:00,3329.79,3330.0,3312.35,3316.45,9549.993959
2026-01-17 20:00:00,3316.46,3320.3,3297.14,3310.59,5098.21621
2026-01-18 00:00:00,3310.59,3319.99,3296.31,3316.1,6798.727421
2026-01-18 04:00:00,3316.09,3317.99,3306.4,3307.23,5359.531593
2026-01-18 08:00:00,3307.23,3325.97,3303.3,3322.22,6660.973679
2026-01-18 12:00:00,3322.22,3347.9,3314.64,3334.01,11272.53393
2026-01-18 16:00:00,3334.01,3369.0,3330.0,3346.76,12849.676145
2026-01-18 20:00:00,3346.75,3356.67,3279.18,3284.35,19366.875277
2026-01-19 00:00:00,3284.16,3284.8,3176.0,3212.25,84947.704217
2026-01-19 04:00:00,3212.26,3217.82,3187.77,3207.25,27466.607987
2026-01-19 08:00:00,3207.25,3231.16,3196.78,3223.84,19553.333222
2026-01-19 12:00:00,3223.83,3236.0,3202.1,3215.96,19236.427961
2026-01-19 16:00:00,3215.96,3227.0,3208.03,3219.68,8238.439255
2026-01-19 20:00:00,3219.68,3225.63,3166.0,3189.23,16085.686343
2026-01-20 00:00:00,3189.2,3200.39,3176.0,3188.84,17057.855839
2026-01-20 04:00:00,3188.84,3189.45,3110.11,3123.46,41396.199659
2026-01-20 08:00:00,3123.46,3124.09,3086.0,3109.64,29430.494596
2026-01-20 12:00:00,3109.65,3115.0,2995.27,3032.84,57768.5173
2026-01-20 16:00:00,3032.85,3043.0,2980.21,2996.45,26721.785742
2026-01-20 20:00:00,2996.46,3007.59,2907.4,2939.91,38366.184457
2026-01-21 00:00:00,2939.91,2984.69,2921.98,2981.81,26217.158958
2026-01-21 04:00:00,2981.81,3002.47,2966.04,2970.74,20499.938292
2026-01-21 08:00:00,2970.5,2974.84,2938.0,2943.4,16085.425268
2026-01-21 12:00:00,2943.4,3026.47,2902.64,3002.62,64440.019968
2026-01-21 16:00:00,3002.62,3069.5,2866.36,3055.45,73907.752763
2026-01-21 20:00:00,3055.46,3058.0,2970.0,2982.18,31804.155769
2026-01-22 00:00:00,2982.18,3038.45,2980.64,3013.53,19950.202515
2026-01-22 04:00:00,3013.52,3027.8,3000.57,3001.05,11128.618008
2026-01-22 08:00:00,3001.05,3016.51,2978.16,2986.84,16751.021189
2026-01-22 12:00:00,2986.84,3010.77,2905.4,2942.24,44192.228578
2026-01-22 16:00:00,2942.07,2972.93,2924.0,2954.09,15428.84546
2026-01-22 20:00:00,2954.08,2959.77,2930.83,2952.89,11163.79275
2026-01-23 00:00:00,2952.89,2972.28,2946.4,2964.46,7342.300061
2026-01-23 04:00:00,2964.5,2984.57,2935.4,2948.76,20959.715773
2026-01-23 08:00:00,2948.85,2951.39,2915.06,2940.91,19680.330797
2026-01-23 12:00:00,2940.92,2965.43,2892.12,2952.52,40840.233313
2026-01-23 16:00:00,2952.64,3019.53,2938.42,2959.98,40600.999333
2026-01-23 20:00:00,2960.0,2964.02,2930.66,2956.25,7727.607185
2026-01-24 00:00:00,2956.26,2970.13,2949.31,2962.63,4642.767024
2026-01-24 04:00:00,2962.63,2966.66,2954.11,2957.01,5650.756349
2026-01-24 08:00:00,2957.0,2964.89,2954.82,2961.1,4049.631259
2026-01-24 12:00:00,2961.1,2968.54,2943.64,2957.17,10946.718544
2026-01-24 16:00:00,2957.18,2968.54,2952.11,2954.0,6718.727916
2026-01-24 20:00:00,2954.0,2964.71,2949.41,2953.5,4617.124952
2026-01-25 00:00:00,2953.5,2960.58,2936.8,2942.72,6976.487695
2026-01-25 04:00:00,2942.73,2949.5,2933.7,2939.85,7243.268522
2026-01-25 08:00:00,2939.86,2948.24,2920.7,2937.45,12643.877978
2026-01-25 12:00:00,2937.31,2945.42,2922.08,2926.95,9097.465752
2026-01-25 16:00:00,2926.95,2927.86,2797.0,2813.0,78319.49437
2026-01-25 20:00:00,2813.0,2825.45,2786.34,2817.36,45474.344636
2026-01-26 00:00:00,2817.37,2898.53,2812.58,2850.92,37148.082434
2026-01-26 04:00:00,2850.93,2911.0,2850.0,2904.26,17516.870337
2026-01-26 08:00:00,2904.26,2934.76,2881.28,2892.21,16965.874058
2026-01-26 12:00:00,2892.2,2951.42,2875.78,2899.5,41825.070996
2026-01-26 16:00:00,2899.5,2936.66,2886.15,2923.36,26104.428081
2026-01-26 20:00:00,2923.36,2945.44,2893.71,2930.0,15896.640994
2026-01-27 00:00:00,2930.0,2948.99,2912.5,2940.95,9066.434266
2026-01-27 04:00:00,2940.96,2957.0,2924.5,2928.99,8470.161171
2026-01-27 08:00:00,2928.99,2932.69,2900.0,2917.25,10829.60447
2026-01-27 12:00:00,2917.25,2943.97,2906.01,2937.6,15430.962797
2026-01-27 16:00:00,2937.6,2999.0,2918.31,2980.36,42083.844412
2026-01-27 20:00:00,2980.37,3035.0,2979.01,3025.84,27407.470621
2026-01-28 00:00:00,3025.84,3029.32,2996.98,3004.89,12195.02883
2026-01-28 04:00:00,3004.9,3018.32,2992.91,3004.9,14654.533197
2026-01-28 08:00:00,3004.9,3045.79,2986.4,3039.94,22207.671833
2026-01-28 12:00:00,3039.81,3046.0,2983.06,3007.83,32370.571949
2026-01-28 16:00:00,3007.89,3032.0,2989.31,3016.75,20904.708658
2026-01-28 20:00:00,3016.74,3038.45,2996.74,3010.79,10362.687332
2026-01-29 00:00:00,3010.69,3013.52,2944.62,2952.86,24741.269674
2026-01-29 04:00:00,2952.86,2965.64,2937.86,2961.9,9909.652165
2026-01-29 08:00:00,2961.94,2969.87,2923.81,2929.35,17990.502785
2026-01-29 12:00:00,2929.36,2939.33,2796.55,2824.55,51894.993775
2026-01-29 16:00:00,2824.54,2860.39,2754.32,2797.5,61183.381478
2026-01-29 20:00:00,2797.65,2827.91,2789.41,2822.58,14845.29123
2026-01-30 00:00:00,2822.58,2828.93,2682.32,2741.06,68417.647372
2026-01-30 04:00:00,2741.06,2774.83,2696.29,2740.44,37139.440893
2026-01-30 08:00:00,2740.44,2769.06,2710.04,2759.89,20940.624936
2026-01-30 12:00:00,2759.89,2766.81,2693.66,2729.47,37075.995321
2026-01-30 16:00:00,2729.37,2761.47,2636.8,2742.36,70191.383136
2026-01-30 20:00:00,2742.35,2742.86,2665.0,2707.22,34758.398459
2026-01-31 00:00:00,2707.25,2714.81,2684.21,2696.07,11477.211204
2026-01-31 04:00:00,2696.06,2705.08,2668.0,2680.5,14097.044192
2026-01-31 08:00:00,2680.49,2683.85,2609.64,2640.73,42741.169986
2026-01-31 12:00:00,2640.71,2644.53,2508.0,2534.34,87015.182007
2026-01-31 16:00:00,2534.31,2551.28,2240.2,2382.73,262676.916139
2026-01-31 20:00:00,2382.81,2473.92,2354.1,2452.2,56851.276503
2026-02-01 00:00:00,2451.95,2476.3,2429.03,2445.62,25257.193356
2026-02-01 04:00:00,2445.56,2454.95,2393.62,2411.61,34140.052876
2026-02-01 08:00:00,2411.6,2439.15,2376.48,2412.04,33536.662859
2026-02-01 12:00:00,2412.05,2412.65,2286.58,2315.85,98005.205542
2026-02-01 16:00:00,2315.89,2378.71,2284.0,2320.62,62857.634381
2026-02-01 20:00:00,2320.62,2349.65,2220.0,2270.47,89349.618028
2026-02-02 00:00:00,2270.48,2324.49,2165.79,2238.56,105023.204965
2026-02-02 04:00:00,2238.91,2268.4,2156.97,2228.87,106514.041566
2026-02-02 08:00:00,2228.68,2319.52,2227.42,2282.3,69132.677015
2026-02-02 12:00:00,2282.35,2396.78,2282.2,2372.66,101748.059561
2026-02-02 16:00:00,2372.71,2387.89,2327.65,2331.11,48883.914297
2026-02-02 20:00:00,2331.1,2356.1,2312.24,2347.0,20178.575307
2026-02-03 00:00:00,2346.99,2359.78,2284.0,2343.9,32985.493943
2026-02-03 04:00:00,2343.81,2355.76,2297.9,2323.14,29937.569471
2026-02-03 08:00:00,2323.15,2332.99,2261.78,2276.56,43193.249135
2026-02-03 12:00:00,2276.65,2317.51,2252.0,2303.32,51534.791144
2026-02-03 16:00:00,2303.36,2303.9,2108.0,2205.75,143627.735216
2026-02-03 20:00:00,2205.71,2345.0,2188.12,2233.81,75094.766247
2026-02-04 00:00:00,2233.81,2295.8,2223.83,2283.49,29441.871571
2026-02-04 04:00:00,2283.49,2293.27,2256.03,2283.95,30111.269215
2026-02-04 08:00:00,2283.94,2286.72,2226.36,2254.88,30082.970779
2026-02-04 12:00:00,2254.94,2263.32,2136.7,2151.96,77293.387351
2026-02-04 16:00:00,2152.01,2197.03,2076.88,2188.46,163756.009305
2026-02-04 20:00:00,2188.51,2193.13,2087.69,2148.11,55063.154391
2026-02-05 00:00:00,2148.1,2174.62,2098.55,2110.19,45148.092054
2026-02-05 04:00:00,2110.15,2125.7,2068.0,2091.89,79506.364055
2026-02-05 08:00:00,2091.9,2149.99,2062.01,2079.88,71325.858961
2026-02-05 12:00:00,2079.91,2106.84,1926.97,1961.0,182049.112757
2026-02-05 16:00:00,1961.01,2018.28,1913.47,1928.77,121926.779392
2026-02-05 20:00:00,1928.92,1942.89,1816.15,1826.71,212439.397836
2026-02-06 00:00:00,1826.7,1947.98,1744.0,1892.1,220336.987781
2026-02-06 04:00:00,1892.1,1975.91,1886.19,1899.9,80525.170013
2026-02-06 08:00:00,1899.71,1939.83,1866.73,1933.2,70506.185728
2026-02-06 12:00:00,1932.8,2003.79,1915.05,1980.66,82732.901859
2026-02-06 16:00:00,1980.66,2091.0,1971.52,2066.11,101650.470451
2026-02-06 20:00:00,2066.11,2094.57,2041.98,2063.3,53879.002949
2026-02-07 00:00:00,2063.41,2086.35,2033.0,2080.94,50667.66016
2026-02-07 04:00:00,2080.93,2119.79,1993.61,2027.03,74516.286774
2026-02-07 08:00:00,2027.19,2032.52,1999.91,2018.92,24577.546773
2026-02-07 12:00:00,2018.93,2076.13,2009.41,2052.58,58921.256096
2026-02-07 16:00:00,2052.58,2125.0,2006.88,2091.36,260345.851198
2026-02-07 20:00:00,2091.21,2115.0,2071.53,2087.31,19430.314203
2026-02-08 00:00:00,2087.34,2107.66,2076.83,2078.84,17347.992431
2026-02-08 04:00:00,2078.85,2089.1,2066.23,2084.58,16660.352199
2026-02-08 08:00:00,2084.58,2138.0,2078.16,2132.15,41578.517658
2026-02-08 12:00:00,2132.16,2145.72,2097.17,2108.61,34941.592681
2026-02-08 16:00:00,2108.64,2129.71,2072.86,2126.74,23454.711923
2026-02-08 20:00:00,2127.0,2152.46,2071.37,2090.01,26936.624867
2026-02-09 00:00:00,2090.0,2103.43,2054.19,2100.01,30609.056862
2026-02-09 04:00:00,2100.0,2101.79,2065.06,2065.9,20771.865273
2026-02-09 08:00:00,2065.9,2070.43,2013.66,2028.3,41347.45691
2026-02-09 12:00:00,2028.31,2073.8,2009.0,2061.7,41538.616019
2026-02-09 16:00:00,2061.56,2142.98,2047.66,2131.6,46397.103297
2026-02-09 20:00:00,2131.59,2148.23,2088.67,2104.79,27997.823347
2026-02-10 00:00:00,2104.9,2124.85,2051.65,2065.04,27197.018811
2026-02-10 04:00:00,2065.05,2074.7,1998.01,2007.78,68830.345434
2026-02-10 08:00:00,2007.8,2032.8,1995.65,2003.2,39265.183511
2026-02-10 12:00:00,2003.28,2040.75,1987.9,2022.75,45897.525877
2026-02-10 16:00:00,2022.8,2047.0,1996.0,2017.91,25845.010733
2026-02-10 20:00:00,2017.91,2022.96,1997.01,2022.84,13692.585732
2026-02-11 00:00:00,2022.85,2032.55,1997.59,2009.55,19731.277446
2026-02-11 04:00:00,2009.53,2011.19,1939.0,1951.01,53068.052611
2026-02-11 08:00:00,1951.06,1956.43,1932.0,1953.57,21540.412817
2026-02-11 12:00:00,1953.57,2015.84,1902.23,1929.11,101483.906911
2026-02-11 16:00:00,1929.22,1959.6,1909.0,1952.29,33591.51816
2026-02-11 20:00:00,1952.29,1987.96,1932.07,1941.03,22876.557603
2026-02-12 00:00:00,1941.2,1977.73,1941.2,1968.58,12532.72532
2026-02-12 04:00:00,1968.51,1983.27,1953.17,1967.89,17349.690613
2026-02-12 08:00:00,1967.89,2001.67,1957.51,1989.02,25070.955997
2026-02-12 12:00:00,1989.0,1996.72,1945.23,1948.8,32688.493345
2026-02-12 16:00:00,1948.81,1950.47,1896.4,1925.42,55037.167595
2026-02-12 20:00:00,1925.41,1952.85,1909.5,1947.94,15763.028231
2026-02-13 00:00:00,1947.99,1958.7,1927.77,1953.57,16244.85891
2026-02-13 04:00:00,1953.59,1955.73,1924.72,1935.99,14138.170038
2026-02-13 08:00:00,1936.0,1969.33,1934.0,1960.32,18436.379626
2026-02-13 12:00:00,1960.25,2050.58,1952.73,2035.07,57956.402338
2026-02-13 16:00:00,2034.81,2072.8,2031.26,2058.8,85979.159843
2026-02-13 20:00:00,2058.8,2060.79,2038.75,2048.91,27728.894047
2026-02-14 00:00:00,2048.82,2057.76,2042.23,2054.44,9091.929558
2026-02-14 04:00:00,2054.45,2060.73,2048.49,2056.95,14220.548707
2026-02-14 08:00:00,2056.96,2107.95,2056.96,2099.41,25832.124511
2026-02-14 12:00:00,2099.41,2100.0,2064.8,2087.51,21234.505983
2026-02-14 16:00:00,2087.51,2090.77,2067.78,2088.52,8515.973164
2026-02-14 20:00:00,2088.53,2099.41,2078.5,2086.69,10180.752029
2026-02-15 00:00:00,2086.7,2091.2,2036.0,2059.26,32006.522759
2026-02-15 04:00:00,2059.26,2103.83,2059.26,2091.51,33119.46919
2026-02-15 08:00:00,2091.5,2096.82,2054.45,2061.99,16111.792495
2026-02-15 12:00:00,2062.0,2069.23,1993.0,2011.64,42502.611214
2026-02-15 16:00:00,2011.61,2011.64,1929.39,1942.33,65314.302103
2026-02-15 20:00:00,1942.34,1974.99,1934.5,1966.59,20185.577009
2026-02-16 00:00:00,1966.59,1981.47,1948.94,1958.94,16882.305152
2026-02-16 04:00:00,1958.95,1978.85,1953.0,1971.49,14644.839667
2026-02-16 08:00:00,1971.49,1994.0,1957.4,1976.25,17549.445996
2026-02-16 12:00:00,1976.26,2023.78,1937.36,1956.61,42712.159319
2026-02-16 16:00:00,1956.76,1988.59,1956.28,1974.17,13707.152245
2026-02-16 20:00:00,1974.3,2004.39,1971.33,1998.32,13013.643643
2026-02-17 00:00:00,1998.32,2008.88,1979.71,1985.85,16382.594344
2026-02-17 04:00:00,1985.86,1998.43,1964.67,1985.96,14558.507633
2026-02-17 08:00:00,1985.99,1990.9,1961.54,1968.73,12434.582925
2026-02-17 12:00:00,1968.72,2002.95,1941.67,1968.75,38524.015562
2026-02-17 16:00:00,1968.78,2015.89,1954.06,1998.26,39289.157682
2026-02-17 20:00:00,1998.26,2004.38,1987.38,1991.69,11029.974845
2026-02-18 00:00:00,1991.8,2000.24,1968.57,1996.67,13876.34196
2026-02-18 04:00:00,1996.67,2023.67,1993.24,2017.8,15539.775493
2026-02-18 08:00:00,2017.86,2039.0,1976.5,1981.41,26146.113752
2026-02-18 12:00:00,1981.41,2010.1,1954.0,1985.46,36424.410099
2026-02-18 16:00:00,1985.46,1987.74,1923.44,1941.09,44810.756742
2026-02-18 20:00:00,1941.1,1956.7,1935.79,1956.02,14629.705963
2026-02-19 00:00:00,1956.06,1975.75,1950.51,1972.35,12204.314313
2026-02-19 04:00:00,1972.4,1987.4,1964.25,1981.77,13020.84494
2026-02-19 08:00:00,1981.75,1982.48,1948.0,1949.77,15530.332942
2026-02-19 12:00:00,1949.67,1956.3,1911.36,1926.53,39828.81617
2026-02-19 16:00:00,1926.47,1947.67,1906.2,1941.43,28187.353659
2026-02-19 20:00:00,1941.18,1952.54,1934.87,1948.75,11925.242206
2026-02-20 00:00:00,1948.83,1964.58,1947.2,1954.9,16104.056255
2026-02-20 04:00:00,1954.89,1968.8,1930.86,1960.91,22370.23049
2026-02-20 08:00:00,1960.9,1973.46,1940.54,1943.96,18001.293837
2026-02-20 12:00:00,1943.97,1980.51,1923.23,1963.97,38505.066163
2026-02-20 16:00:00,1963.83,1981.57,1939.2,1963.69,35972.95388
2026-02-20 20:00:00,1963.7,1974.99,1961.6,1968.84,7611.142498
2026-02-21 00:00:00,1968.85,1970.65,1955.62,1959.21,5916.768002
2026-02-21 04:00:00,1959.25,1966.23,1956.25,1962.96,5591.716756
2026-02-21 08:00:00,1962.95,1988.5,1962.26,1977.09,13427.098515
2026-02-21 12:00:00,1977.06,1996.26,1969.26,1987.95,14839.172293
2026-02-21 16:00:00,1988.06,1995.5,1976.5,1988.54,11647.561874
2026-02-21 20:00:00,1988.55,1990.64,1970.0,1973.6,9647.498469
2026-02-22 00:00:00,1973.56,1983.29,1967.49,1975.01,7270.435832
2026-02-22 04:00:00,1975.0,1979.53,1971.1,1976.2,5264.175737
2026-02-22 08:00:00,1976.19,1983.21,1970.6,1980.7,5171.663565
2026-02-22 12:00:00,1980.7,1981.48,1943.78,1954.05,21008.989573
2026-02-22 16:00:00,1954.06,1955.82,1935.03,1944.04,9830.614658
2026-02-22 20:00:00,1944.05,1962.14,1940.16,1957.97,7541.392786
2026-02-23 00:00:00,1957.98,1958.4,1846.67,1862.9,98585.006143
2026-02-23 04:00:00,1862.9,1888.85,1853.65,1885.26,31856.965225
2026-02-23 08:00:00,1885.26,1928.0,1876.5,1915.26,38492.608754
2026-02-23 12:00:00,1915.25,1935.36,1892.6,1895.61,57241.61342
2026-02-23 16:00:00,1895.61,1900.0,1837.43,1857.11,41735.669411
2026-02-23 20:00:00,1857.15,1870.13,1846.92,1856.51,15173.813804
2026-02-24 00:00:00,1856.51,1869.69,1811.6,1831.95,43822.461998
2026-02-24 04:00:00,1831.95,1840.6,1813.72,1825.85,31406.539549
2026-02-24 08:00:00,1825.81,1836.36,1815.17,1826.81,25252.532026
2026-02-24 12:00:00,1826.81,1850.0,1798.16,1847.35,47868.093321
2026-02-24 16:00:00,1847.36,1865.29,1838.12,1852.32,28793.443509
2026-02-24 20:00:00,1852.32,1864.16,1845.46,1851.8,8906.230307
2026-02-25 00:00:00,1851.88,1945.38,1846.46,1906.24,62470.721266
2026-02-25 04:00:00,1906.24,1914.44,1878.27,1893.42,25464.382809
2026-02-25 08:00:00,1893.35,1928.56,1890.22,1926.51,22555.044053
2026-02-25 12:00:00,1926.56,2028.77,1922.26,2013.73,78143.182352
2026-02-25 16:00:00,2013.84,2087.41,2013.56,2071.05,73195.640418
2026-02-25 20:00:00,2071.1,2150.0,2034.41,2057.5,96632.038584
2026-02-26 00:00:00,2057.5,2076.54,2039.36,2054.19,25909.176738
2026-02-26 04:00:00,2054.35,2082.74,2051.7,2053.13,23458.78452
2026-02-26 08:00:00,2053.12,2083.62,2044.85,2057.55,21492.464036
2026-02-26 12:00:00,2057.55,2077.99,2011.6,2033.32,42988.782942
2026-02-26 16:00:00,2033.33,2037.85,1975.3,2029.96,53297.71117
2026-02-26 20:00:00,2029.92,2041.94,2017.89,2027.62,12101.984141
2026-02-27 00:00:00,2027.56,2049.53,2000.44,2045.2,28803.124154
2026-02-27 04:00:00,2045.21,2063.65,2022.4,2032.6,22639.868781
2026-02-27 08:00:00,2032.59,2045.89,1953.42,1962.06,39462.473583
2026-02-27 12:00:00,1962.06,1969.0,1938.87,1948.65,36770.742901
2026-02-27 16:00:00,1948.64,1948.89,1907.31,1921.3,25571.969374
2026-02-27 20:00:00,1921.3,1933.97,1886.48,1929.81,15524.432103
2026-02-28 00:00:00,1929.81,1937.0,1919.66,1924.35,8752.387445
2026-02-28 04:00:00,1924.36,1932.45,1835.47,1866.72,67257.632307
2026-02-28 08:00:00,1866.73,1881.13,1845.0,1863.41,29647.516861
2026-02-28 12:00:00,1863.46,1916.1,1862.61,1898.67,42876.001939
2026-02-28 16:00:00,1898.67,1955.21,1885.71,1947.29,38604.782808
2026-02-28 20:00:00,1947.23,1985.0,1938.78,1964.3,26771.953597
2026-03-01 00:00:00,1964.31,2055.0,1943.54,2022.95,53858.812359
2026-03-01 04:00:00,2022.98,2030.11,1988.92,2007.03,35187.690625
2026-03-01 08:00:00,2007.02,2010.2,1972.02,1983.15,20714.401225
2026-03-01 12:00:00,1983.16,2028.0,1968.5,1993.34,32549.059931
2026-03-01 16:00:00,1993.35,2009.5,1947.0,1954.12,35326.922638
2026-03-01 20:00:00,1954.11,1970.19,1907.4,1939.68,38800.354605
2026-03-02 00:00:00,1939.7,1989.44,1937.41,1972.09,33776.886652
2026-03-02 04:00:00,1972.1,1984.13,1925.76,1941.63,20307.472601
2026-03-02 08:00:00,1941.69,1967.26,1919.71,1947.85,27460.952852
2026-03-02 12:00:00,1947.79,2065.54,1921.7,2047.7,70406.579028
2026-03-02 16:00:00,2047.73,2090.9,2016.72,2043.6,44897.741867
2026-03-02 20:00:00,2043.51,2058.69,2024.94,2027.5,21461.726714
2026-03-03 00:00:00,2027.5,2041.71,1998.04,2008.85,24550.939273
2026-03-03 04:00:00,2008.85,2019.57,1987.5,1996.42,20082.744269
2026-03-03 08:00:00,1996.43,2000.85,1939.41,1961.35,41130.043754
2026-03-03 12:00:00,1961.36,1990.35,1929.0,1969.46,41625.764926
2026-03-03 16:00:00,1969.17,2013.94,1958.73,1986.08,37959.093153
2026-03-03 20:00:00,1986.09,2001.61,1959.35,1982.82,13121.927583
2026-03-04 00:00:00,1982.82,1998.76,1945.01,1961.29,23430.759785
2026-03-04 04:00:00,1961.17,2010.29,1950.63,2006.61,21056.37076
2026-03-04 08:00:00,2006.64,2093.55,2000.49,2054.72,73714.111659
2026-03-04 12:00:00,2054.89,2157.23,2036.37,2150.26,88955.458747
2026-03-04 16:00:00,2150.25,2200.0,2126.56,2177.84,81554.639924
2026-03-04 20:00:00,2177.85,2180.0,2116.67,2127.41,25338.172836
2026-03-05 00:00:00,2127.3,2142.11,2107.5,2119.88,22985.920342
2026-03-05 04:00:00,2120.14,2144.44,2095.8,2105.0,31808.747016
2026-03-05 08:00:00,2105.15,2163.68,2093.78,2138.06,41589.154422
2026-03-05 12:00:00,2138.06,2142.92,2067.0,2087.09,55113.775776
2026-03-05 16:00:00,2087.09,2094.0,2054.35,2074.48,26490.396122
2026-03-05 20:00:00,2074.6,2099.6,2068.98,2072.66,15034.363508
2026-03-06 00:00:00,2072.66,2093.3,2061.77,2083.91,17794.202057
2026-03-06 04:00:00,2083.91,2087.5,2059.47,2082.82,18142.454146
2026-03-06 08:00:00,2082.84,2082.85,2045.7,2051.18,22107.541905
2026-03-06 12:00:00,2051.19,2063.06,1966.0,1977.74,69965.109648
2026-03-06 16:00:00,1977.73,1993.28,1955.96,1983.7,25374.117792
2026-03-06 20:00:00,1983.71,1990.2,1969.01,1978.89,11232.243459
2026-03-07 00:00:00,1978.79,1996.0,1972.28,1980.01,12816.969259
2026-03-07 04:00:00,1980.11,1984.67,1964.1,1983.49,13389.567616
2026-03-07 08:00:00,1983.5,1994.66,1975.23,1988.6,8388.503655
2026-03-07 12:00:00,1988.6,1990.95,1970.01,1981.07,9193.618296
2026-03-07 16:00:00,1981.08,1983.65,1947.38,1955.22,12394.569709
2026-03-07 20:00:00,1955.14,1974.24,1955.0,1969.75,19376.63103
2026-03-08 00:00:00,1969.75,1977.42,1935.6,1947.66,26279.262543
2026-03-08 04:00:00,1947.63,1960.43,1929.37,1955.39,20009.651967
2026-03-08 08:00:00,1955.2,1979.89,1944.7,1951.27,22165.994838
2026-03-08 12:00:00,1951.3,1954.66,1922.85,1943.06,26310.166023
2026-03-08 16:00:00,1943.06,1969.96,1927.18,1964.49,19569.684536
2026-03-08 20:00:00,1964.49,1971.19,1910.0,1936.87,48219.968974
2026-03-09 00:00:00,1936.87,2005.74,1928.86,1977.56,47229.316588
2026-03-09 04:00:00,1977.6,2014.36,1963.41,1983.85,32590.510836
2026-03-09 08:00:00,1983.94,2022.72,1978.87,1992.2,26182.041277
2026-03-09 12:00:00,1992.2,2032.89,1992.2,2022.34,44300.502433
2026-03-09 16:00:00,2022.46,2054.06,2005.42,2034.04,38102.311947
2026-03-09 20:00:00,2033.92,2037.46,1989.3,1993.32,21932.415759
2026-03-10 00:00:00,1993.25,2054.48,1991.11,2027.01,26413.436493
2026-03-10 04:00:00,2027.02,2059.98,2026.51,2051.11,22828.278194
2026-03-10 08:00:00,2051.12,2074.71,2051.12,2061.8,45472.922611
2026-03-10 12:00:00,2061.81,2086.16,2008.11,2079.7,66226.930252
2026-03-10 16:00:00,2079.66,2088.69,2027.17,2037.01,31858.380351
2026-03-10 20:00:00,2037.01,2048.66,2019.49,2036.71,14016.016628
2026-03-11 00:00:00,2036.71,2041.95,2018.21,2021.22,13461.417937
2026-03-11 04:00:00,2021.21,2041.74,2007.36,2012.51,18991.25941
2026-03-11 08:00:00,2012.52,2034.3,2009.41,2018.14,20590.392051
2026-03-11 12:00:00,2018.1,2083.11,2013.0,2050.05,59479.786373
2026-03-11 16:00:00,2050.05,2085.9,2046.41,2076.4,27927.007354
2026-03-11 20:00:00,2076.39,2084.68,2045.56,2052.09,16398.507144
2026-03-12 00:00:00,2052.08,2058.38,2017.95,2023.44,24925.56451
2026-03-12 04:00:00,2023.5,2042.44,2019.15,2040.98,17654.547915
2026-03-12 08:00:00,2040.8,2076.96,2038.06,2062.73,24560.944712
2026-03-12 12:00:00,2062.72,2095.55,2037.99,2072.43,49119.678214
2026-03-12 16:00:00,2072.34,2078.17,2045.34,2069.6,16733.524054
2026-03-12 20:00:00,2069.6,2093.6,2055.64,2073.62,14081.930488
2026-03-13 00:00:00,2073.62,2149.66,2070.14,2118.85,47221.162445
2026-03-13 04:00:00,2118.86,2120.19,2090.0,2099.3,19567.022277
2026-03-13 08:00:00,2099.3,2133.04,2091.41,2120.73,28800.677586
2026-03-13 12:00:00,2120.72,2209.96,2120.38,2128.06,95568.787943
2026-03-13 16:00:00,2128.16,2143.53,2090.62,2102.54,34477.673587
2026-03-13 20:00:00,2102.71,2116.88,2078.57,2092.28,16047.867043
2026-03-14 00:00:00,2092.26,2104.26,2081.5,2101.49,11790.44861
2026-03-14 04:00:00,2101.5,2106.09,2068.52,2077.7,18954.188138
2026-03-14 08:00:00,2077.73,2081.99,2061.62,2073.86,14479.125277
2026-03-14 12:00:00,2073.85,2081.03,2069.7,2074.72,7847.194744
2026-03-14 16:00:00,2074.7,2079.47,2069.04,2077.55,4160.790099
2026-03-14 20:00:00,2077.56,2099.91,2076.01,2096.29,9467.493686
2026-03-15 00:00:00,2096.3,2108.05,2083.4,2096.25,13190.024767
2026-03-15 04:00:00,2096.25,2115.68,2096.02,2105.65,11138.482202
2026-03-15 08:00:00,2105.67,2124.04,2105.67,2119.7,9934.913667
2026-03-15 12:00:00,2119.7,2119.95,2086.44,2093.84,15653.451127
2026-03-15 16:00:00,2093.84,2118.25,2088.78,2113.57,11764.350817
2026-03-15 20:00:00,2113.6,2202.8,2110.01,2178.17,45057.157925
2026-03-16 00:00:00,2178.16,2253.75,2164.36,2235.64,47786.16379
2026-03-16 04:00:00,2235.64,2288.46,2235.64,2248.5,63616.454302
2026-03-16 08:00:00,2248.51,2280.34,2234.41,2269.9,35455.675421
2026-03-16 12:00:00,2269.91,2308.0,2255.0,2273.37,84683.228946
2026-03-16 16:00:00,2273.37,2348.18,2269.54,2331.08,54038.309235
2026-03-16 20:00:00,2330.85,2387.23,2323.74,2352.68,40127.413495
2026-03-17 00:00:00,2352.68,2377.0,2308.11,2320.16,57014.434628
2026-03-17 04:00:00,2320.17,2339.83,2296.32,2327.94,34674.538808
2026-03-17 08:00:00,2327.87,2335.47,2303.7,2326.86,25248.633685
2026-03-17 12:00:00,2326.84,2357.74,2304.55,2316.24,46162.867446
2026-03-17 16:00:00,2316.19,2343.26,2312.53,2320.44,15386.174803
2026-03-17 20:00:00,2320.43,2345.15,2316.4,2317.54,14110.956585
2026-03-18 00:00:00,2317.55,2350.0,2307.15,2340.73,15112.655937
2026-03-18 04:00:00,2340.74,2342.2,2312.07,2317.65,11779.38782
2026-03-18 08:00:00,2317.64,2333.45,2263.33,2269.19,35943.950137
2026-03-18 12:00:00,2269.18,2270.5,2170.0,2187.77,66235.435744
2026-03-18 16:00:00,2187.76,2220.45,2166.38,2186.04,36599.439348
2026-03-18 20:00:00,2185.87,2207.12,2152.58,2203.42,22779.951341
2026-03-19 00:00:00,2203.43,2234.08,2187.4,2212.08,20276.805838
2026-03-19 04:00:00,2212.08,2213.14,2142.85,2166.68,33188.40305
2026-03-19 08:00:00,2166.68,2192.69,2158.12,2166.94,19049.50655
2026-03-19 12:00:00,2166.97,2167.37,2099.27,2118.88,56879.825978
2026-03-19 16:00:00,2118.89,2157.01,2105.0,2141.45,25471.220124
2026-03-19 20:00:00,2141.29,2155.8,2130.54,2137.87,10842.089841
2026-03-20 00:00:00,2137.82,2160.75,2131.23,2151.57,12557.986406
2026-03-20 04:00:00,2151.57,2159.3,2121.44,2150.69,16243.600416
2026-03-20 08:00:00,2150.69,2176.57,2131.39,2141.56,20801.960888
2026-03-20 12:00:00,2141.54,2152.9,2116.89,2134.01,23954.666801
2026-03-20 16:00:00,2134.02,2144.64,2117.51,2133.32,12990.188043
2026-03-20 20:00:00,2133.21,2168.0,2124.03,2146.28,9012.18964
2026-03-21 00:00:00,2146.05,2159.73,2144.19,2153.6,4366.915314
2026-03-21 04:00:00,2153.48,2161.77,2150.46,2155.59,4638.510186
2026-03-21 08:00:00,2155.58,2159.57,2148.82,2157.41,4075.755515
2026-03-21 12:00:00,2157.41,2168.5,2146.74,2155.48,6310.889116
2026-03-21 16:00:00,2155.49,2155.91,2142.02,2152.41,5505.342023
2026-03-21 20:00:00,2152.42,2157.0,2070.09,2084.7,25546.518208
2026-03-22 00:00:00,2084.69,2126.88,2049.38,2113.84,46039.240981
2026-03-22 04:00:00,2113.85,2123.07,2092.41,2093.33,13163.733919
2026-03-22 08:00:00,2093.54,2096.72,2066.58,2069.84,16087.685302
2026-03-22 12:00:00,2069.87,2092.6,2068.2,2083.2,11182.538262
2026-03-22 16:00:00,2083.2,2084.61,2054.18,2063.11,10671.956504
2026-03-22 20:00:00,2063.11,2074.72,2025.75,2053.9,35775.377273
2026-03-23 00:00:00,2053.91,2072.37,2035.71,2052.7,15195.018137
2026-03-23 04:00:00,2052.7,2072.02,2022.21,2044.73,19462.76802
2026-03-23 08:00:00,2044.79,2198.34,2028.84,2134.92,97519.517772
2026-03-23 12:00:00,2134.8,2192.22,2108.11,2128.6,63423.004755
2026-03-23 16:00:00,2128.55,2178.85,2118.0,2154.31,30386.023153
2026-03-23 20:00:00,2154.32,2166.88,2140.32,2152.04,7452.244568
2026-03-24 00:00:00,2152.05,2156.34,2124.46,2141.81,14298.127201
2026-03-24 04:00:00,2141.75,2170.73,2129.04,2165.44,20301.638428
2026-03-24 08:00:00,2165.43,2176.04,2145.86,2165.97,20956.624261
2026-03-24 12:00:00,2166.0,2170.49,2120.09,2135.17,29089.724405
2026-03-24 16:00:00,2135.12,2140.79,2102.86,2116.68,22341.255625
2026-03-24 20:00:00,2116.99,2166.03,2115.42,2156.33,22861.177859
2026-03-25 00:00:00,2156.33,2169.17,2145.8,2158.6,23000.835147
2026-03-25 04:00:00,2158.61,2180.0,2156.65,2164.93,25034.860625
2026-03-25 08:00:00,2164.93,2199.62,2164.48,2186.54,29445.094267
2026-03-25 12:00:00,2186.35,2198.22,2148.0,2162.53,29721.855059
2026-03-25 16:00:00,2162.5,2186.5,2156.19,2172.98,14590.056468
2026-03-25 20:00:00,2172.98,2183.88,2159.39,2169.26,9786.293855
2026-03-26 00:00:00,2169.28,2172.3,2143.73,2153.35,12296.884737
2026-03-26 04:00:00,2153.36,2154.55,2112.5,2123.91,29376.760113
2026-03-26 08:00:00,2123.9,2127.27,2063.08,2068.75,33382.850775
2026-03-26 12:00:00,2068.76,2094.0,2051.71,2070.46,30141.101865
2026-03-26 16:00:00,2070.44,2071.14,2034.2,2048.74,27627.32566
2026-03-26 20:00:00,2048.74,2080.58,2046.34,2060.16,20851.134785
2026-03-27 00:00:00,2060.16,2077.39,2056.75,2061.56,8446.551716
2026-03-27 04:00:00,2061.6,2073.5,2042.2,2065.97,15226.165865
2026-03-27 08:00:00,2065.86,2069.65,1980.25,1991.53,55081.701381
2026-03-27 12:00:00,1991.58,2009.99,1966.88,1990.98,50322.940666
2026-03-27 16:00:00,1990.88,1998.25,1974.48,1991.36,19616.070466
2026-03-27 20:00:00,1991.56,1996.0,1979.98,1992.95,8321.495646
2026-03-28 00:00:00,1992.81,1995.45,1982.6,1989.09,6130.416273
2026-03-28 04:00:00,1989.1,2008.45,1987.09,2007.2,11473.698862
2026-03-28 08:00:00,2007.21,2008.45,1992.65,1997.81,6825.55276
2026-03-28 12:00:00,1997.62,2046.51,1992.0,2027.19,32315.660516
2026-03-28 16:00:00,2027.2,2030.24,2016.7,2020.63,6402.774173
2026-03-28 20:00:00,2020.63,2026.61,1989.0,1994.66,10195.825881
2026-03-29 00:00:00,1994.66,2019.71,1991.47,2011.13,9428.50933
2026-03-29 04:00:00,2011.14,2012.79,1997.7,2006.06,5444.955176
2026-03-29 08:00:00,2006.06,2008.72,1991.72,2003.91,7114.755807
2026-03-29 12:00:00,2003.91,2005.11,1983.33,1993.08,12629.082156
2026-03-29 16:00:00,1993.15,2004.97,1987.85,1996.01,6831.160034
2026-03-29 20:00:00,1996.01,2009.67,1938.36,1984.75,31841.504432
2026-03-30 00:00:00,1984.86,2044.54,1980.12,2035.82,31120.472022
2026-03-30 04:00:00,2036.11,2068.33,2036.1,2059.8,26665.851181
2026-03-30 08:00:00,2059.82,2081.81,2048.49,2071.55,21492.835304
2026-03-30 12:00:00,2071.61,2085.57,2044.01,2074.66,28725.451073
2026-03-30 16:00:00,2074.55,2075.0,2013.59,2024.11,19777.692854
2026-03-30 20:00:00,2024.2,2049.99,2014.22,2026.73,13809.359533
2026-03-31 00:00:00,2026.78,2092.64,2016.37,2066.89,35251.499107
2026-03-31 04:00:00,2066.9,2072.51,2042.13,2055.86,14443.951344
2026-03-31 08:00:00,2055.85,2059.12,2012.55,2041.3,29549.734487
2026-03-31 12:00:00,2041.35,2092.0,2035.55,2055.0,37549.162395
2026-03-31 16:00:00,2054.82,2124.78,2054.41,2096.8,48141.066445
2026-03-31 20:00:00,2096.88,2110.77,2087.82,2105.79,19292.948396
2026-04-01 00:00:00,2105.61,2117.88,2081.57,2102.96,22159.949549
2026-04-01 04:00:00,2102.97,2158.5,2100.63,2130.74,36908.07425
2026-04-01 08:00:00,2130.7,2143.2,2125.0,2135.7,21561.497946
2026-04-01 12:00:00,2135.68,2149.71,2108.36,2135.07,40813.880248
2026-04-01 16:00:00,2135.01,2168.0,2123.77,2141.29,26055.1811
2026-04-01 20:00:00,2141.36,2165.43,2130.39,2140.22,19230.113774
2026-04-02 00:00:00,2140.11,2159.07,2046.12,2056.21,54894.908584
2026-04-02 04:00:00,2056.21,2058.71,2038.5,2056.31,20334.969638
2026-04-02 08:00:00,2056.31,2056.31,2023.69,2033.2,16335.792957
2026-04-02 12:00:00,2033.2,2072.27,2017.09,2059.51,36946.338013
2026-04-02 16:00:00,2059.52,2076.54,2043.64,2065.39,15452.755279
2026-04-02 20:00:00,2065.63,2074.15,2053.45,2057.09,7754.827045
2026-04-03 00:00:00,2057.1,2062.49,2040.61,2053.95,7563.834065
2026-04-03 04:00:00,2053.94,2075.52,2047.31,2066.27,8462.20989
2026-04-03 08:00:00,2066.29,2072.33,2053.5,2063.16,11130.088708
2026-04-03 12:00:00,2063.16,2082.38,2041.79,2051.4,13582.748967
2026-04-03 16:00:00,2051.41,2056.79,2043.79,2052.8,5574.242878
2026-04-03 20:00:00,2052.81,2061.47,2049.49,2054.02,3587.942086
2026-04-04 00:00:00,2054.02,2054.19,2048.06,2050.05,5421.154771
2026-04-04 04:00:00,2050.05,2058.06,2048.51,2053.87,4062.753459
2026-04-04 08:00:00,2053.91,2055.44,2047.56,2052.02,3877.79932
2026-04-04 12:00:00,2052.02,2062.17,2044.02,2056.29,5664.993388
2026-04-04 16:00:00,2056.29,2084.05,2052.79,2064.66,8932.489194
2026-04-04 20:00:00,2064.66,2072.32,2060.03,2065.57,4301.328017
2026-04-05 00:00:00,2065.57,2065.7,2053.61,2056.65,4279.820192
2026-04-05 04:00:00,2056.68,2058.18,2026.84,2037.26,13621.448786
2026-04-05 08:00:00,2037.25,2052.76,2035.81,2041.95,5256.242385
2026-04-05 12:00:00,2041.96,2070.0,2021.66,2053.84,19742.649705
2026-04-05 16:00:00,2053.85,2069.88,2048.1,2061.95,6786.863802
2026-04-05 20:00:00,2061.95,2123.47,2049.93,2110.0,24754.493213
2026-04-06 00:00:00,2110.0,2147.4,2110.0,2129.15,27216.498486
2026-04-06 04:00:00,2129.16,2141.38,2120.04,2134.84,16793.226407
2026-04-06 08:00:00,2134.85,2174.38,2133.44,2151.34,28982.228409
2026-04-06 12:00:00,2151.34,2169.55,2137.74,2164.75,32668.270848
2026-04-06 16:00:00,2164.75,2168.58,2123.42,2144.69,22617.117792
2026-04-06 20:00:00,2144.69,2155.11,2088.0,2107.25,22357.505618
2026-04-07 00:00:00,2107.29,2120.15,2093.3,2108.15,11708.417734
2026-04-07 04:00:00,2108.14,2119.37,2096.8,2104.1,7185.457761
2026-04-07 08:00:00,2104.11,2133.98,2081.96,2089.61,24830.421386
2026-04-07 12:00:00,2089.61,2093.45,2060.11,2080.61,28668.02543
2026-04-07 16:00:00,2080.51,2117.17,2077.51,2113.55,24063.391206
2026-04-07 20:00:00,2113.6,2273.44,2110.62,2240.01,91763.172693
2026-04-08 00:00:00,2240.0,2250.82,2227.26,2234.63,30461.00313
2026-04-08 04:00:00,2234.64,2260.59,2234.64,2253.55,29271.953038
2026-04-08 08:00:00,2253.59,2263.37,2237.56,2247.44,14674.987172
2026-04-08 12:00:00,2247.48,2270.29,2186.4,2215.62,55094.753208
2026-04-08 16:00:00,2215.62,2239.47,2197.27,2211.0,23536.411313
2026-04-08 20:00:00,2210.89,2223.0,2179.68,2190.1,14087.873458
2026-04-09 00:00:00,2190.19,2193.89,2161.81,2182.71,15232.812362
2026-04-09 04:00:00,2182.71,2188.85,2175.55,2181.08,9228.189091
2026-04-09 08:00:00,2181.08,2197.0,2176.55,2180.1,12351.90577
2026-04-09 12:00:00,2180.11,2225.0,2157.49,2218.05,34016.816524
2026-04-09 16:00:00,2218.09,2230.0,2193.25,2216.49,25478.745823
2026-04-09 20:00:00,2216.4,2246.15,2183.38,2190.14,17776.512013
2026-04-10 00:00:00,2190.15,2204.63,2176.08,2186.37,12586.890088
2026-04-10 04:00:00,2186.37,2203.73,2176.31,2179.78,11146.171645
2026-04-10 08:00:00,2179.77,2224.13,2177.36,2215.56,17103.176864
2026-04-10 12:00:00,2215.57,2257.99,2207.93,2224.45,35773.921197
2026-04-10 16:00:00,2224.48,2255.71,2220.14,2252.93,20164.322825
2026-04-10 20:00:00,2252.91,2257.5,2235.24,2245.25,11977.964722
2026-04-11 00:00:00,2245.26,2252.24,2234.5,2237.31,7093.325432
2026-04-11 04:00:00,2237.31,2243.05,2228.53,2232.7,5746.294602
2026-04-11 08:00:00,2232.8,2249.0,2232.0,2246.07,8088.817551
2026-04-11 12:00:00,2246.08,2256.15,2232.29,2249.46,6936.881739
2026-04-11 16:00:00,2249.46,2330.34,2246.42,2315.97,37343.761997
2026-04-11 20:00:00,2315.98,2317.07,2276.69,2285.05,13193.555161
2026-04-12 00:00:00,2285.09,2290.0,2207.27,2214.18,33040.706289
2026-04-12 04:00:00,2214.18,2221.05,2208.75,2218.49,10417.897145
2026-04-12 08:00:00,2218.48,2219.3,2193.7,2204.51,17807.005834
2026-04-12 12:00:00,2204.51,2208.23,2175.0,2186.65,34208.340172
2026-04-12 16:00:00,2186.65,2207.57,2183.1,2198.36,12283.625807
2026-04-12 20:00:00,2198.37,2217.94,2183.33,2191.21,18914.749617
2026-04-13 00:00:00,2191.39,2208.89,2187.04,2194.25,10114.968175
2026-04-13 04:00:00,2194.26,2201.61,2182.5,2187.14,12473.455662
2026-04-13 08:00:00,2187.15,2195.6,2179.31,2187.45,10601.539574
2026-04-13 12:00:00,2187.46,2236.36,2175.3,2209.46,45892.725998
2026-04-13 16:00:00,2209.46,2269.0,2200.31,2262.47,46257.443292
2026-04-13 20:00:00,2262.47,2394.5,2247.68,2369.44,104099.779992
2026-04-14 00:00:00,2369.44,2378.35,2353.88,2365.15,26362.354154
2026-04-14 04:00:00,2365.16,2390.0,2354.5,2377.44,27529.463459
2026-04-14 08:00:00,2377.45,2395.55,2367.44,2374.01,28462.804451
2026-04-14 12:00:00,2374.18,2415.5,2333.11,2364.81,72824.436224
2026-04-14 16:00:00,2364.8,2371.86,2303.47,2313.25,30588.24231
2026-04-14 20:00:00,2313.28,2332.25,2308.92,2322.21,14682.167694
2026-04-15 00:00:00,2322.3,2344.38,2317.5,2328.9,11211.725352
2026-04-15 04:00:00,2328.9,2338.73,2309.0,2316.54,12039.785
2026-04-15 08:00:00,2316.57,2339.83,2312.17,2337.25,13787.680454
2026-04-15 12:00:00,2337.25,2349.77,2317.85,2331.9,22828.465685
2026-04-15 16:00:00,2331.9,2385.92,2329.4,2375.02,25885.571634
2026-04-15 20:00:00,2375.02,2380.37,2346.68,2360.0,17476.28963
2026-04-16 00:00:00,2360.06,2369.49,2344.75,2357.98,8183.115429
2026-04-16 04:00:00,2357.99,2364.08,2335.23,2341.66,11513.762515
2026-04-16 08:00:00,2341.66,2348.34,2328.75,2336.25,13973.341615
2026-04-16 12:00:00,2336.18,2352.39,2284.5,2339.07,50156.261819
2026-04-16 16:00:00,2339.08,2361.96,2310.18,2359.74,22444.918692
2026-04-16 20:00:00,2359.74,2364.96,2336.31,2348.15,15350.675972
2026-04-17 00:00:00,2348.15,2350.88,2323.71,2325.63,8791.380766
2026-04-17 04:00:00,2325.63,2342.31,2317.01,2334.04,8657.75572
2026-04-17 08:00:00,2334.09,2377.7,2332.93,2354.58,24123.252189
2026-04-17 12:00:00,2354.65,2457.0,2349.0,2441.97,96884.739281
2026-04-17 16:00:00,2442.0,2466.0,2415.5,2427.83,41802.491055
2026-04-17 20:00:00,2427.73,2442.54,2415.8,2419.01,11666.849216
2026-04-18 00:00:00,2418.88,2427.51,2400.0,2405.14,10334.05076
2026-04-18 04:00:00,2405.29,2413.91,2400.0,2403.8,10575.598864
2026-04-18 08:00:00,2403.8,2405.23,2343.94,2353.17,39419.439409
2026-04-18 12:00:00,2353.17,2369.95,2345.55,2363.68,15412.252501
2026-04-18 16:00:00,2363.69,2379.01,2338.77,2348.35,17789.49972
2026-04-18 20:00:00,2348.35,2360.43,2344.8,2350.53,7218.853206
2026-04-19 00:00:00,2350.54,2355.52,2332.15,2339.72,7449.704779
2026-04-19 04:00:00,2339.72,2345.98,2296.6,2316.1,28412.985692
2026-04-19 08:00:00,2316.1,2331.09,2306.0,2329.11,22471.056905
2026-04-19 12:00:00,2329.22,2349.75,2315.02,2330.45,22345.207793
2026-04-19 16:00:00,2330.53,2331.48,2287.53,2299.82,25689.563735
2026-04-19 20:00:00,2299.78,2300.4,2252.05,2263.6,33762.622569
2026-04-20 00:00:00,2263.62,2294.43,2259.79,2286.28,14961.159716
2026-04-20 04:00:00,2286.27,2332.55,2263.08,2298.13,18478.243996
2026-04-20 08:00:00,2298.24,2320.0,2289.93,2308.23,11213.559143
2026-04-20 12:00:00,2308.23,2326.72,2275.0,2313.85,33190.747989
2026-04-20 16:00:00,2314.02,2344.03,2297.81,2331.62,18255.274302
2026-04-20 20:00:00,2331.65,2346.67,2307.1,2313.62,14558.330946
2026-04-21 00:00:00,2313.58,2326.86,2300.0,2311.52,7299.64543
2026-04-21 04:00:00,2311.52,2327.07,2304.3,2318.21,8379.857349
2026-04-21 08:00:00,2318.21,2338.88,2313.6,2320.0,13475.439685
2026-04-21 12:00:00,2320.0,2327.68,2290.32,2310.41,27932.663977
2026-04-21 16:00:00,2310.44,2331.82,2283.46,2298.66,23564.4011
2026-04-21 20:00:00,2298.69,2330.02,2295.76,2327.58,17387.406434
2026-04-22 00:00:00,2327.58,2379.46,2313.22,2363.82,28359.685629
2026-04-22 04:00:00,2363.73,2413.33,2358.39,2390.05,37077.755322
2026-04-22 08:00:00,2390.05,2400.72,2383.1,2398.52,10935.288402
2026-04-22 12:00:00,2398.52,2424.09,2390.51,2403.8,39571.141539
2026-04-22 16:00:00,2403.8,2413.77,2384.09,2397.73,17794.651189
2026-04-22 20:00:00,2397.74,2406.04,2373.92,2374.06,12728.638264
2026-04-23 00:00:00,2374.07,2382.46,2331.73,2341.07,27306.709946
2026-04-23 04:00:00,2341.07,2360.0,2336.97,2344.42,18913.937743
2026-04-23 08:00:00,2344.46,2345.0,2306.21,2329.62,25863.586185
2026-04-23 12:00:00,2329.62,2343.97,2314.65,2333.34,20009.815865
2026-04-23 16:00:00,2333.4,2335.95,2285.01,2312.99,28369.458738
2026-04-23 20:00:00,2313.06,2339.38,2312.86,2330.46,10658.429005
2026-04-24 00:00:00,2330.46,2337.5,2301.06,2308.72,11923.707263
2026-04-24 04:00:00,2308.72,2317.0,2299.99,2311.73,20476.262475
2026-04-24 08:00:00,2311.77,2332.5,2303.6,2328.27,15651.351492
2026-04-24 12:00:00,2328.23,2331.95,2301.68,2323.88,22291.867786
2026-04-24 16:00:00,2323.87,2325.0,2308.81,2321.45,9898.364895
2026-04-24 20:00:00,2321.5,2328.47,2307.6,2315.09,8294.433887
2026-04-25 00:00:00,2315.08,2321.32,2311.27,2318.61,3466.938128
2026-04-25 04:00:00,2318.61,2319.24,2313.33,2316.43,2160.757776
2026-04-25 08:00:00,2316.42,2323.14,2311.0,2313.65,4051.341617
2026-04-25 12:00:00,2313.65,2318.99,2303.0,2308.01,8207.124639
2026-04-25 16:00:00,2308.01,2314.16,2300.69,2310.24,6897.540245
2026-04-25 20:00:00,2310.24,2320.93,2309.1,2319.71,4162.283887
2026-04-26 00:00:00,2319.72,2319.91,2306.77,2310.02,3902.978539
2026-04-26 04:00:00,2310.01,2336.18,2309.22,2331.15,9704.404398
2026-04-26 08:00:00,2331.15,2337.55,2329.4,2335.62,5879.970408
2026-04-26 12:00:00,2335.61,2352.17,2324.64,2348.23,15170.823753
2026-04-26 16:00:00,2348.23,2376.2,2340.45,2367.49,17106.599062
2026-04-26 20:00:00,2367.5,2380.0,2348.28,2369.35,17662.293116
2026-04-27 00:00:00,2369.36,2404.42,2358.84,2394.61,26852.477175
2026-04-27 04:00:00,2394.61,2396.0,2312.59,2316.18,37249.119336
2026-04-27 08:00:00,2316.18,2325.44,2309.22,2320.09,11190.68524
2026-04-27 12:00:00,2320.04,2329.37,2265.68,2275.08,47673.508165
2026-04-27 16:00:00,2275.08,2292.5,2270.31,2289.28,17747.772863
2026-04-27 20:00:00,2289.37,2308.4,2284.55,2303.74,9583.734684
2026-04-28 00:00:00,2303.72,2310.76,2280.39,2290.71,9626.356558
2026-04-28 04:00:00,2290.71,2297.01,2270.0,2287.99,13160.558685
2026-04-28 08:00:00,2287.99,2291.72,2270.57,2275.51,7934.750686
2026-04-28 12:00:00,2275.53,2286.63,2258.48,2279.93,19690.253894
2026-04-28 16:00:00,2279.96,2305.52,2274.26,2301.79,12102.602901
2026-04-28 20:00:00,2301.8,2305.64,2283.31,2289.24,5416.347006
2026-04-29 00:00:00,2289.24,2316.74,2279.01,2311.63,16744.202559
2026-04-29 04:00:00,2311.63,2342.79,2309.38,2323.8,23165.08928
2026-04-29 08:00:00,2323.81,2347.08,2320.96,2331.7,17975.4446
2026-04-29 12:00:00,2331.7,2332.09,2263.48,2272.88,28092.298929
2026-04-29 16:00:00,2272.89,2286.53,2220.33,2233.59,47930.638611
2026-04-29 20:00:00,2233.56,2266.11,2230.05,2253.09,19280.413562
2026-04-30 00:00:00,2253.08,2279.34,2236.05,2253.67,20531.28929
2026-04-30 04:00:00,2253.68,2262.83,2232.01,2260.68,16627.496932
2026-04-30 08:00:00,2260.69,2273.5,2251.4,2258.37,10220.785367
2026-04-30 12:00:00,2258.3,2275.46,2246.52,2265.71,16102.583499
2026-04-30 16:00:00,2265.71,2267.29,2251.62,2261.8,7765.248835
2026-04-30 20:00:00,2261.8,2267.32,2252.44,2257.95,4194.875092
2026-05-01 00:00:00,2258.0,2295.56,2257.41,2282.79,14317.963422
2026-05-01 04:00:00,2282.86,2286.59,2272.47,2279.63,10642.305043
2026-05-01 08:00:00,2279.63,2293.08,2277.18,2286.56,18289.024251
2026-05-01 12:00:00,2286.57,2325.56,2284.03,2307.86,39107.869547
2026-05-01 16:00:00,2307.86,2314.28,2298.25,2304.81,13561.232784
2026-05-01 20:00:00,2304.81,2306.4,2279.1,2295.57,12597.036978
2026-05-02 00:00:00,2295.57,2308.52,2292.88,2304.29,4953.511524
2026-05-02 04:00:00,2304.52,2306.59,2296.58,2300.72,5319.388647
2026-05-02 08:00:00,2300.72,2307.69,2298.73,2302.0,3316.013858
2026-05-02 12:00:00,2302.0,2312.25,2301.37,2309.1,4122.43789
2026-05-02 16:00:00,2309.11,2313.53,2303.62,2311.5,3374.835319
2026-05-02 20:00:00,2311.51,2343.12,2309.68,2317.05,12803.258885
2026-05-03 00:00:00,2317.17,2317.95,2299.16,2302.27,7773.464662
2026-05-03 04:00:00,2302.26,2314.07,2297.7,2309.47,4097.96916
2026-05-03 08:00:00,2309.47,2327.51,2307.51,2319.63,5315.705436
2026-05-03 12:00:00,2319.64,2333.66,2319.64,2328.31,15637.531623
2026-05-03 16:00:00,2328.24,2338.2,2322.07,2335.7,16489.967009
2026-05-03 20:00:00,2335.56,2356.71,2314.82,2323.1,20106.489149
2026-05-04 00:00:00,2323.12,2391.53,2309.23,2385.09,46731.215127
2026-05-04 04:00:00,2385.09,2399.0,2354.43,2362.69,23114.377428
2026-05-04 08:00:00,2362.69,2370.9,2314.49,2337.11,34051.048295
2026-05-04 12:00:00,2337.11,2382.02,2325.76,2350.19,40916.61603
2026-05-04 16:00:00,2350.24,2380.02,2336.71,2356.4,25940.362379
2026-05-04 20:00:00,2356.54,2366.37,2344.69,2347.24,7228.216413
2026-05-05 00:00:00,2347.25,2389.29,2344.94,2382.14,13953.163445
2026-05-05 04:00:00,2382.13,2390.49,2367.26,2380.56,17579.832414
2026-05-05 08:00:00,2380.55,2384.45,2367.0,2379.78,9094.702704
2026-05-05 12:00:00,2379.79,2399.56,2369.27,2381.32,25476.936015
2026-05-05 16:00:00,2381.43,2383.37,2359.81,2372.0,12298.365037
2026-05-05 20:00:00,2371.99,2388.56,2354.36,2361.01,18398.039
2026-05-06 00:00:00,2361.0,2380.87,2354.17,2376.5,12466.396658
2026-05-06 04:00:00,2376.5,2379.37,2354.7,2371.69,10211.280703
2026-05-06 08:00:00,2371.68,2423.69,2369.4,2410.54,44171.430386
2026-05-06 12:00:00,2410.55,2413.87,2346.0,2359.06,48794.552077
2026-05-06 16:00:00,2359.06,2368.0,2337.78,2348.72,20387.047417
2026-05-06 20:00:00,2348.69,2357.71,2338.72,2351.29,16272.418795
2026-05-07 00:00:00,2351.29,2352.91,2313.81,2322.35,28051.952929
2026-05-07 04:00:00,2322.36,2347.2,2317.8,2344.81,16164.11294
2026-05-07 08:00:00,2344.8,2346.87,2317.53,2330.23,13481.697428
2026-05-07 12:00:00,2330.22,2337.55,2285.0,2295.17,40793.195024
2026-05-07 16:00:00,2294.81,2304.44,2280.0,2296.19,19294.488793
2026-05-07 20:00:00,2296.24,2303.04,2281.31,2291.55,17090.931554
2026-05-08 00:00:00,2291.55,2294.72,2265.0,2278.97,14877.076258
2026-05-08 04:00:00,2278.97,2284.92,2267.1,2281.54,14355.872789
2026-05-08 08:00:00,2281.54,2298.29,2279.87,2295.51,14410.384732
2026-05-08 12:00:00,2295.51,2303.03,2270.0,2293.57,18887.302114
2026-05-08 16:00:00,2293.65,2321.51,2286.56,2316.25,20885.874053
2026-05-08 20:00:00,2316.32,2319.33,2303.45,2307.54,7173.73231
2026-05-09 00:00:00,2307.55,2321.2,2304.5,2315.38,6671.547498
2026-05-09 04:00:00,2315.38,2325.42,2311.28,2314.72,6480.909981
2026-05-09 08:00:00,2314.72,2320.0,2310.25,2314.82,5881.66802
2026-05-09 12:00:00,2314.83,2318.63,2299.87,2317.49,7267.846398
2026-05-09 16:00:00,2317.5,2338.45,2315.12,2332.05,15761.627929
2026-05-09 20:00:00,2332.05,2333.5,2324.46,2326.43,3452.451438
2026-05-10 00:00:00,2326.43,2333.82,2318.41,2327.93,5848.514658
2026-05-10 04:00:00,2327.93,2332.0,2326.14,2327.5,4150.764044
2026-05-10 08:00:00,2327.51,2333.59,2319.0,2322.32,12054.752963
2026-05-10 12:00:00,2322.32,2351.78,2320.76,2347.78,14872.478656
2026-05-10 16:00:00,2347.82,2367.89,2340.24,2365.81,21568.13138
2026-05-10 20:00:00,2365.81,2382.99,2311.46,2371.4,37978.232727
2026-05-11 00:00:00,2371.4,2375.0,2320.01,2330.53,24932.414262
2026-05-11 04:00:00,2330.68,2342.6,2326.78,2330.86,7071.57447
2026-05-11 08:00:00,2330.86,2339.9,2326.96,2336.1,5636.947782
2026-05-11 12:00:00,2336.11,2339.14,2304.0,2333.49,73555.051764
2026-05-11 16:00:00,2333.49,2344.33,2323.75,2340.59,12403.345942
2026-05-11 20:00:00,2340.6,2345.76,2335.2,2339.85,6501.994287
2026-05-12 00:00:00,2339.89,2340.8,2295.2,2309.52,16514.028494
2026-05-12 04:00:00,2309.6,2314.58,2291.1,2295.12,16603.987785
2026-05-12 08:00:00,2295.24,2296.3,2278.0,2287.22,23410.520895
2026-05-12 12:00:00,2287.12,2294.96,2256.76,2262.02,74643.573472
2026-05-12 16:00:00,2262.03,2287.81,2256.24,2285.26,40538.345057
2026-05-12 20:00:00,2285.26,2291.52,2273.53,2275.02,34313.618663
2026-05-13 00:00:00,2275.03,2303.57,2273.34,2301.77,13885.610212
2026-05-13 04:00:00,2301.77,2309.15,2295.68,2301.43,7860.597934
2026-05-13 08:00:00,2301.42,2323.7,2298.78,2301.9,30251.441958
2026-05-13 12:00:00,2301.9,2307.89,2234.45,2236.68,44025.702398
2026-05-13 16:00:00,2236.69,2268.46,2235.48,2256.52,13051.64306
2026-05-13 20:00:00,2256.53,2264.46,2251.0,2258.78,5566.616481
2026-05-14 00:00:00,2258.78,2269.63,2238.59,2242.15,21691.65495
2026-05-14 04:00:00,2242.21,2275.09,2239.03,2265.44,19148.560891
2026-05-14 08:00:00,2265.45,2271.17,2252.67,2254.01,11910.545104
2026-05-14 12:00:00,2254.0,2299.5,2246.46,2298.39,35682.1846
2026-05-14 16:00:00,2298.39,2319.26,2293.86,2298.37,31322.406844
2026-05-14 20:00:00,2298.38,2302.13,2280.62,2283.59,10917.680825
2026-05-15 00:00:00,2283.6,2300.29,2260.22,2273.52,18091.102104
2026-05-15 04:00:00,2273.53,2274.06,2237.85,2265.15,24158.537893
2026-05-15 08:00:00,2265.15,2265.56,2250.0,2257.46,11863.892519
2026-05-15 12:00:00,2257.45,2260.52,2205.34,2222.78,45177.214503
2026-05-15 16:00:00,2222.78,2233.24,2218.89,2223.11,12714.757709
2026-05-15 20:00:00,2223.04,2226.17,2215.04,2224.51,5807.723093
2026-05-16 00:00:00,2224.64,2231.38,2223.33,2227.49,5516.968253
2026-05-16 04:00:00,2227.5,2228.78,2181.62,2194.85,31055.298151
2026-05-16 08:00:00,2194.86,2196.86,2161.75,2176.26,26823.070859
2026-05-16 12:00:00,2176.27,2188.57,2172.45,2180.14,8072.861091
2026-05-16 16:00:00,2180.14,2185.0,2170.33,2179.73,6317.545842
2026-05-16 20:00:00,2179.73,2183.75,2179.16,2180.74,7406.314143
2026-05-17 00:00:00,2180.75,2185.65,2168.0,2181.58,15605.744672
2026-05-17 04:00:00,2181.52,2195.21,2181.01,2186.64,6313.841392
2026-05-17 08:00:00,2186.57,2198.57,2182.81,2192.16,10529.458439
2026-05-17 12:00:00,2192.17,2198.39,2178.05,2186.28,7581.5344
2026-05-17 16:00:00,2186.29,2193.62,2176.52,2192.4,5553.929082
2026-05-17 20:00:00,2192.41,2195.0,2084.46,2130.75,68471.174922
2026-05-18 00:00:00,2130.63,2131.67,2104.71,2118.6,33526.470206
2026-05-18 04:00:00,2118.6,2125.81,2110.0,2120.92,14414.106036
2026-05-18 08:00:00,2120.92,2139.84,2110.48,2133.99,14974.379343
2026-05-18 12:00:00,2133.99,2157.46,2093.73,2107.93,41484.449889
2026-05-18 16:00:00,2107.94,2128.5,2077.83,2124.86,31916.623461
2026-05-18 20:00:00,2125.32,2142.72,2114.55,2130.09,15612.039256
2026-05-19 00:00:00,2130.08,2147.02,2119.36,2131.81,56195.69362
2026-05-19 04:00:00,2131.8,2145.0,2123.44,2140.83,18928.485386
2026-05-19 08:00:00,2140.83,2141.39,2107.1,2110.72,19838.920526
2026-05-19 12:00:00,2110.71,2127.5,2093.98,2110.5,27560.997955
2026-05-19 16:00:00,2110.58,2125.16,2107.15,2113.31,19324.149922
2026-05-19 20:00:00,2113.31,2120.54,2102.67,2112.04,10161.695683
2026-05-20 00:00:00,2112.03,2119.34,2103.3,2111.54,32773.721558
2026-05-20 04:00:00,2111.54,2136.44,2107.12,2129.6,20274.450974
2026-05-20 08:00:00,2129.59,2138.31,2124.01,2128.12,9725.013236
2026-05-20 12:00:00,2128.12,2149.0,2113.57,2136.78,35307.166736
2026-05-20 16:00:00,2136.78,2149.0,2124.0,2139.4,21129.04706
2026-05-20 20:00:00,2139.39,2140.93,2118.45,2129.58,10295.336737
2026-05-21 00:00:00,2129.58,2157.59,2128.5,2146.02,15052.755929
2026-05-21 04:00:00,2145.97,2148.78,2124.42,2135.15,24027.499053
2026-05-21 08:00:00,2135.15,2148.61,2110.0,2115.09,126720.268332
2026-05-21 12:00:00,2115.09,2138.32,2105.14,2132.58,23925.938517
2026-05-21 16:00:00,2132.6,2153.6,2121.06,2142.61,20827.116024
2026-05-21 20:00:00,2142.91,2143.39,2127.28,2133.93,5025.106651
2026-05-22 00:00:00,2133.93,2141.34,2125.49,2137.94,5882.287367
2026-05-22 04:00:00,2137.94,2141.5,2122.34,2128.9,8319.460071
2026-05-22 08:00:00,2128.9,2133.74,2119.15,2130.69,11258.313806
2026-05-22 12:00:00,2130.7,2138.32,2112.5,2119.6,18321.041386
2026-05-22 16:00:00,2119.61,2130.09,2057.27,2065.75,38561.480321
2026-05-22 20:00:00,2065.75,2079.68,2057.5,2066.08,19142.199313
2026-05-23 00:00:00,2066.09,2072.69,2052.03,2070.92,11991.282061
2026-05-23 04:00:00,2070.92,2071.33,2008.34,2028.79,37419.882897
2026-05-23 08:00:00,2028.79,2035.63,2021.44,2031.49,15771.122482
2026-05-23 12:00:00,2031.49,2068.54,2027.24,2060.23,19683.737078
2026-05-23 16:00:00,2060.23,2083.8,2057.0,2077.4,14464.334179
2026-05-23 20:00:00,2077.39,2149.99,2074.62,2117.86,46272.872399
2026-05-24 00:00:00,2117.94,2127.29,2112.53,2119.01,7817.219772
2026-05-24 04:00:00,2119.02,2129.87,2113.53,2120.87,8700.160145
2026-05-24 08:00:00,2120.91,2131.91,2119.01,2126.06,9434.36011
2026-05-24 12:00:00,2126.07,2126.49,2079.79,2095.97,21832.162776
2026-05-24 16:00:00,2095.97,2109.09,2095.2,2100.98,5691.958821
2026-05-24 20:00:00,2101.04,2106.87,2062.13,2100.0,16879.582265
2026-05-25 00:00:00,2099.97,2113.33,2092.49,2095.6,8863.690724
2026-05-25 04:00:00,2095.6,2117.8,2092.41,2116.31,25753.001115
2026-05-25 08:00:00,2116.32,2124.56,2111.63,2114.83,7931.722607
2026-05-25 12:00:00,2114.84,2138.56,2112.05,2126.95,12389.353909
2026-05-25 16:00:00,2126.9,2141.99,2116.71,2121.5,10166.643777
2026-05-25 20:00:00,2121.49,2123.43,2102.45,2112.92,7817.545324
2026-05-26 00:00:00,2112.92,2114.05,2084.69,2093.37,13087.655858
2026-05-26 04:00:00,2093.37,2104.74,2088.64,2095.39,10226.157149
2026-05-26 08:00:00,2095.39,2137.38,2094.11,2120.85,18075.601619
2026-05-26 12:00:00,2120.85,2140.35,2078.57,2087.61,32657.412345
2026-05-26 16:00:00,2087.61,2090.18,2055.23,2074.5,28939.93944
2026-05-26 20:00:00,2074.68,2078.61,2065.89,2073.85,6106.01893
2026-05-27 00:00:00,2074.05,2084.59,2068.72,2069.81,7964.634788
2026-05-27 04:00:00,2069.81,2084.4,2056.5,2083.83,10701.167591
2026-05-27 08:00:00,2083.8,2096.59,2078.42,2080.64,15545.887947
2026-05-27 12:00:00,2080.77,2097.39,2051.96,2071.67,26411.739492
2026-05-27 16:00:00,2071.69,2074.56,2043.56,2057.64,14556.511749
2026-05-27 20:00:00,2057.72,2066.12,2016.0,2025.11,30342.1188
2026-05-28 00:00:00,2025.1,2029.42,1968.01,1981.67,46271.607979
2026-05-28 04:00:00,1981.68,1996.59,1967.71,1995.48,33268.666602
2026-05-28 08:00:00,1995.49,1998.59,1984.61,1989.86,11220.633552
2026-05-28 12:00:00,1989.86,2002.37,1967.71,1990.72,37247.275277
2026-05-28 16:00:00,1990.72,2030.4,1985.13,2014.71,20953.358415
2026-05-28 20:00:00,2014.7,2024.49,2005.41,2009.77,8453.42896
2026-05-29 00:00:00,2009.78,2017.22,1997.35,2002.86,7028.815695
2026-05-29 04:00:00,2002.87,2021.58,1998.45,2007.88,13655.729016
2026-05-29 08:00:00,2007.88,2016.41,2002.51,2007.68,9178.029535
2026-05-29 12:00:00,2007.68,2046.25,1975.9,2031.6,39414.043945
2026-05-29 16:00:00,2031.6,2044.15,2004.99,2016.96,18023.504284
2026-05-29 20:00:00,2016.94,2023.96,2007.0,2014.47,8964.147242
2026-05-30 00:00:00,2014.47,2023.54,2010.79,2016.97,4902.626014
2026-05-30 04:00:00,2016.98,2020.62,2002.0,2016.35,8777.271239
2026-05-30 08:00:00,2016.35,2022.07,2013.81,2017.47,3306.001878
2026-05-30 12:00:00,2017.47,2032.29,2017.11,2026.9,7534.50132
2026-05-30 16:00:00,2026.9,2030.22,2019.52,2028.84,4697.715814
2026-05-30 20:00:00,2028.86,2031.39,2020.1,2022.49,4012.163942
2026-05-31 00:00:00,2022.49,2037.91,2020.61,2033.32,6657.46259
2026-05-31 04:00:00,2033.33,2034.97,2022.6,2023.81,3647.065147
2026-05-31 08:00:00,2023.81,2029.04,2015.13,2023.16,7648.264032
2026-05-31 12:00:00,2023.16,2026.49,2006.0,2010.54,13554.385332
2026-05-31 16:00:00,2010.55,2012.58,1994.02,1999.78,9251.127539
2026-05-31 20:00:00,1999.79,2022.99,1999.79,2007.35,9210.954965
2026-06-01 00:00:00,2007.36,2021.46,1991.5,2009.15,14951.964221
2026-06-01 04:00:00,2009.15,2011.99,1971.78,1976.46,19710.844613
2026-06-01 08:00:00,1976.45,1990.39,1972.0,1981.57,12797.071199
2026-06-01 12:00:00,1981.58,1994.41,1956.42,1968.47,37876.923781
2026-06-01 16:00:00,1968.47,2008.71,1958.68,2004.63,19921.418356
2026-06-01 20:00:00,2004.63,2009.3,1984.49,2006.56,12328.043651
2026-06-02 00:00:00,2006.55,2006.89,1963.01,2003.9,16794.017432
2026-06-02 04:00:00,2003.91,2006.53,1974.07,1981.97,15055.509546
2026-06-02 08:00:00,1981.96,1989.13,1966.68,1978.74,27866.494787
2026-06-02 12:00:00,1978.74,1982.99,1888.29,1915.11,95391.886929
2026-06-02 16:00:00,1915.04,1944.2,1880.93,1912.23,41394.811556
2026-06-02 20:00:00,1912.49,1918.57,1838.88,1859.91,70880.057468
2026-06-03 00:00:00,1859.91,1874.36,1816.85,1828.18,46276.460707
2026-06-03 04:00:00,1828.18,1884.29,1827.67,1878.59,34773.817348
2026-06-03 08:00:00,1878.58,1892.97,1870.0,1878.24,16084.27111
2026-06-03 12:00:00,1878.3,1880.0,1835.0,1837.15,32861.561292
2026-06-03 16:00:00,1837.16,1844.04,1795.34,1803.53,37308.030518
2026-06-03 20:00:00,1803.53,1852.54,1768.11,1813.23,46163.964709
2026-06-04 00:00:00,1813.25,1820.61,1717.0,1809.12,87604.542596
2026-06-04 04:00:00,1809.12,1818.0,1773.51,1777.57,38881.977546
2026-06-04 08:00:00,1777.57,1783.51,1730.32,1751.77,45087.189548
2026-06-04 12:00:00,1751.41,1794.72,1744.4,1776.94,40020.864771
2026-06-04 16:00:00,1777.01,1787.32,1754.0,1776.94,21604.950584
2026-06-04 20:00:00,1777.04,1782.98,1752.65,1770.68,15718.813776
2026-06-05 00:00:00,1770.72,1774.93,1722.44,1729.8,34177.677795
2026-06-05 04:00:00,1729.81,1747.86,1622.0,1679.52,140594.445847
2026-06-05 08:00:00,1679.54,1690.0,1659.4,1663.18,44192.913481
2026-06-05 12:00:00,1663.14,1677.5,1571.61,1582.99,266600.41678
2026-06-05 16:00:00,1582.98,1612.7,1539.28,1573.83,120793.316812
2026-06-05 20:00:00,1573.92,1619.49,1557.31,1583.59,67052.556177
2026-06-06 00:00:00,1583.59,1601.21,1555.0,1563.35,27770.324561
2026-06-06 04:00:00,1563.33,1581.72,1504.4,1575.44,97531.656853
2026-06-06 08:00:00,1575.44,1593.38,1535.59,1558.82,35417.647213
2026-06-06 12:00:00,1558.82,1576.15,1545.0,1560.52,19774.329684
2026-06-06 16:00:00,1560.52,1566.4,1546.87,1554.54,21187.24237
2026-06-06 20:00:00,1554.53,1570.0,1551.02,1569.65,13185.779328
2026-06-07 00:00:00,1569.65,1600.9,1564.03,1594.88,21308.070334
2026-06-07 04:00:00,1594.88,1623.35,1584.66,1615.38,29797.624068
2026-06-07 08:00:00,1615.23,1648.57,1608.54,1630.27,33606.412213
2026-06-07 12:00:00,1630.28,1640.0,1606.67,1630.0,30119.768957
2026-06-07 16:00:00,1630.0,1637.99,1603.3,1613.14,21999.579548
2026-06-07 20:00:00,1613.14,1723.03,1609.35,1690.6,64862.881296
2026-06-08 00:00:00,1690.56,1711.84,1671.28,1679.97,29029.564221
2026-06-08 04:00:00,1679.97,1681.16,1645.0,1673.58,29228.238319
2026-06-08 08:00:00,1673.46,1696.8,1656.29,1683.64,27215.350364
2026-06-08 12:00:00,1683.65,1706.17,1666.59,1691.61,38315.444416
2026-06-08 16:00:00,1691.61,1703.82,1675.61,1684.69,27367.473381
2026-06-08 20:00:00,1684.69,1714.39,1678.85,1690.24,24828.294922
2026-06-09 00:00:00,1690.22,1696.82,1654.58,1669.5,26610.237987
2026-06-09 04:00:00,1669.49,1696.33,1664.45,1680.04,25396.500159
2026-06-09 08:00:00,1680.05,1680.84,1664.9,1671.83,28155.826159
2026-06-09 12:00:00,1671.73,1683.22,1633.59,1636.17,52962.808036
2026-06-09 16:00:00,1636.35,1658.68,1614.19,1657.47,32099.862245
2026-06-09 20:00:00,1657.48,1663.98,1630.48,1639.53,13249.112506
2026-06-10 00:00:00,1639.53,1647.34,1621.68,1630.77,12233.09394
2026-06-10 04:00:00,1630.77,1643.96,1616.48,1640.31,14877.967449
2026-06-10 08:00:00,1640.32,1640.95,1606.04,1620.07,19089.046764
2026-06-10 12:00:00,1620.1,1668.07,1615.81,1658.01,45028.955047
2026-06-10 16:00:00,1658.01,1658.95,1622.6,1630.18,19924.658028
2026-06-10 20:00:00,1630.22,1636.19,1603.66,1621.38,18579.538621
2026-06-11 00:00:00,1621.56,1661.51,1621.56,1653.89,24407.879167
2026-06-11 04:00:00,1653.95,1663.49,1646.22,1654.47,19021.68309
2026-06-11 08:00:00,1654.47,1673.5,1654.02,1666.79,17973.268172
2026-06-11 12:00:00,1666.79,1666.9,1636.17,1645.58,35030.303001
2026-06-11 16:00:00,1645.56,1693.73,1632.8,1681.2,51983.098069
2026-06-11 20:00:00,1681.18,1683.38,1667.25,1673.56,15149.542509
2026-06-12 00:00:00,1673.56,1678.4,1660.5,1673.14,10548.204373
2026-06-12 04:00:00,1673.15,1682.07,1652.12,1662.14,13634.028635
2026-06-12 08:00:00,1662.14,1685.57,1662.08,1673.7,16437.751259
2026-06-12 12:00:00,1673.71,1691.0,1653.6,1660.15,33162.291862
2026-06-12 16:00:00,1660.18,1678.16,1657.4,1665.75,12898.433778
2026-06-12 20:00:00,1665.74,1668.11,1658.79,1666.59,6860.815131
2026-06-13 00:00:00,1666.6,1676.0,1663.2,1665.25,7735.912446
